item_id,item_name,trade,comments
540414019646,法国直邮 babybio 伴宝乐 2段 标准型奶粉 有机配方900克,8,21
525707786802,法国代购6罐直邮/原装伴宝乐babybio高端有机奶粉2段 标准型配方,1,2
45408243853,【法国直邮】 babybio 伴宝乐 bio标准2段奶粉 新配方,4,0
521081384588,法国直邮代购 babybio伴宝乐有机二段奶粉 标准版2段  900g可包税,0,0
45387594005,【定购】法国代购babybio伴宝乐有机奶粉2段标准型900克6个直邮,0,2
523028070512,法国代购直邮/伴宝乐Babybio Primea 2段标准有机奶粉/6-12月,13,7
521731902350,Babybio伴宝乐PRIMEA 2段标准型有机奶粉法国直邮4罐包邮包税另算,24,74
37441287088,Babybio伴宝乐Croissance 3段有机奶粉/法国直邮4罐包邮/包税另算,543,2061
521731902350,Babybio伴宝乐PRIMEA 2段标准型有机奶粉法国直邮4罐包邮包税另算,24,74
546250309966,法国直邮代购伴宝乐babybio2段二段标准成长型有机牛奶粉 包邮,0,0
532028705489,法国直邮包邮包税Babybio伴宝乐Croissance3段绿色有机奶粉婴幼儿,213,404
531009225926,直邮/现货!法国代购Babybio PRIMEA伴宝乐有机奶粉标准型2段奶粉,0,0
544134866886,【法国直邮】伴宝乐/Babybio primea2段标准有机奶粉6-12月/900g,18,13
550213130510,法国直邮原装伴宝乐BABYBIO2段PRIMEA标准配方婴幼儿牛奶粉900g,0,0
13923946163,6罐包法国直邮 高端BIO奶粉 Babybio标准2二段900克 只直邮,0,0
530404173763,国内现货 伴宝乐BABYBIO 有机标准配方奶粉 2段 6月+,0,0
520503376073,代购 babybio伴宝乐有机奶粉2段标准型900克6个直邮,0,3
539530559802,【巴黎直代】法国原装伴宝乐Babybio 2段标准配方奶粉【6罐减66】,0,1
537339272119,伴宝乐标准型型有机奶粉2段 Babybio primea2  6罐直邮,0,0
548869276164,法国Babybio伴宝乐PRIMEA 2段标准型天然有机婴儿奶粉6罐直邮包税,0,0
543846402969,法国直邮-代购法国babybio伴宝乐有机2段标准型奶粉6个月到12个月,0,3
551035239895,[6罐包税直邮]伴宝乐Babybio Primea DHA有机奶粉 标准2段 900g,0,0
26728528044,法国直邮6罐包邮babybio伴宝乐2段optima有机天然标准奶粉6-10月,0,0
537396024750,法国直邮包邮 Babybio 伴宝乐标准型有机奶粉2段/ 6-18月/900g,-,-
547142946768,Babybio伴宝乐PRIMEA 2段标准型有机奶粉法国直邮4罐包邮包税另算,0,0
546661686543,法国代购直邮/包税 伴宝乐Babybio2段标准有机奶粉6-12月900g罐装,0,0
525212778836,【法国代购 】Babybio 伴宝乐 有机标准2段奶粉 900g 6-12月,0,0
542257849819,法国直邮 法国Babybio伴宝乐标准型有机奶粉2段900g6罐包邮,0,1
43690892190,法国代购直邮伴宝乐babybio 2段标准配方有机奶粉6罐包邮900g,0,0
523224467099,【6桶直邮】法国伴宝乐babybio有机婴儿奶粉标准2段6-12个月900g,0,0
523988154375,海外直邮法国代购babybio伴宝乐有机奶粉 二段900g标准型罐装包邮,0,1
550067371657,【法国直邮】伴宝乐/Babybio primea2段标准有机奶粉6-12月 900g,0,0
523070304653,法国代购直邮/法国原装伴宝乐babybio高端有机奶粉2段 标准型配方,0,0
544500592907,[法国原装] Babybio伴宝乐标准配方有机奶粉2段 900G,0,0
524439348188,法国妹妹直邮 Babybio伴宝乐Primea2段标准有机奶粉 6-12月,0,1
15128202752,4罐直邮包邮  伴宝乐BABYBIO婴幼儿有机奶粉2段 标准版法国代购,0,0
531049950636,法国直邮 Babybio伴宝乐Primea2段标准有机奶粉 6-12月,0,0
548173880877,现货!法国代购Babybio PRIMEA伴宝乐有机奶粉标准型2段奶粉,2,1
536209236981,Babybio伴宝乐OPTIMA RELAIS 2 标准型有机奶粉2段/4罐法国直邮,0,9
528168259577,法国代购包税直邮 伴宝乐/BABYBIO 2段标准 有机婴儿奶粉6-12个月,-,-
547317174639,法国Babybio伴宝乐2段标准型有机婴儿奶粉6-12个月4罐包税直邮,0,0
548714541378,法国代购伴宝乐/BABYBIO 二段标准婴儿奶粉6-12月 900克,0,0
531930911204,法国直邮Babybio伴宝乐有机奶粉标准版2段6-12个月 3罐包直邮免税,0,0
527209725901,法国代购直邮 Babybio伴宝乐PRIMEA有机2段标准配方奶粉 900g6-12,0,2
521061942259,【6罐包税直邮】法国伴宝乐Babybio Primea 2段标准有机奶粉,0,0
538734776982,法国代购 / babybio伴宝乐2段 标准型奶粉有机配方900克 6罐包邮,0,0
538239850849,babybio伴宝乐2段二段PRIEMA 6-12月标准配方型婴儿有机牛奶粉,0,1
546366203953,法国代购Babybio伴宝乐绿色有机Primea2段标准有机奶粉6-12月推荐,0,0
528300931057,法国 Babybio伴宝乐 二段 标准型 高端有机奶粉 【法国直邮】,0,0
522678168693,法国代购Babybio/伴宝乐原装有机奶粉2段标准型 法国直邮,0,0
547576868857,6罐直邮法国代购Babybio伴宝乐PRIMEA有-机2段标准配方奶粉 900g,0,0
545413727615,法国Babybio 伴宝乐2段标准型有机奶粉配方奶粉900g,0,0
544544197717,【法国直邮】伴宝乐/Babybio primea2段标准有机奶粉6-12月/900g,0,0
522949522440,法国代购 Babybio伴宝乐二段 标准成长 有机牛奶粉 6-12月 900G,0,0
524650668224,德国balea芭乐雅玻尿酸原液进口补水保湿提拉紧致精华液安瓶7支,777,1066
546016383030,法国直邮babybio伴宝乐 2段（6-12月） 标准型奶粉 900克 6罐包邮,0,0
525881331705,芭乐雅balea精华素胶囊保湿补水紧致抗皱抗衰老舒缓现货,252,485
534400956441,代购 伴宝乐Babybio有机标准配方型2段 奶粉 900g,0,0
41276225024,【法国6罐包邮】伴宝乐babybio标准2段高端有机婴儿奶粉 900g,0,1
549274247738,法国BABYBIO伴宝乐2段标准型/900G克/有机绿色高端奶粉/直邮,0,0
543705596871,欧洲原装玻尿酸原液涂抹式补水保湿去皱防衰老去斑去黄面部精华液,7,11
528251639812,Babybio伴宝乐法国原产有机奶粉2段标准型900G含双歧 DHA,0,0
520351817438,【法国直邮】伴宝乐/Babybio primea2段 标准有机奶粉6-12月/900g,0,8
543799444352,法国代购 Babybio 伴宝乐 有机标准2段奶粉 900g 6-12月,0,1
546043390921,法国直邮伴宝乐BABYBIO婴幼儿有机奶粉2段 标准版,0,0
545730303136,Babybio 标准版2段婴儿奶粉6-10个月，法国天然有机婴儿奶粉,0,0
35186191016,德国Balea Beauty Effect芭乐雅代购/玻尿酸系列浓缩精华安瓶7支,0,0
546642647315,德国Balea Beauty Effect 芭乐雅玻尿酸浓缩精华安瓶7支 补水紧致,11,7
536941759700,澳洲代购德国芭乐雅BALEA Beauty Effect 玻尿酸紧致浓缩精华安瓶,52,208
549590858030,澳洲代购德国芭乐雅BALEA Beauty Effect 玻尿酸紧致浓缩精华安瓶,1,1
549370303333,国内现货Balea芭乐雅 Beauty Effect 玻尿酸系列浓缩精华安瓶7支,0,0
39356988583,德国代购 Balea Beauty Effect透明质酸玻尿酸 浓缩精华7支装,6,2
42252006346,德国直邮Balea Beauty Effect透明质酸玻尿酸系列浓缩精华安瓶7支,0,13
530551427853,dm德国Balea芭乐雅玻尿酸浓缩精华7瓶x1ml提拉保湿BEAUTY EFFECT,0,0
547885055674,Balea Beauty Effect芭乐雅玻尿酸系列浓缩精华安瓶 2x7支,0,4
544725717650,Balea Beauty Effect 芭乐雅玻尿酸 提拉紧致保湿浓缩精华安瓶,0,3
523213567365,德国 Balea芭乐雅 Beauty Effect 玻尿酸紧致提拉浓缩精华安瓶,0,0
544887301137,（现货）Balea Beauty Effect芭乐雅玻尿酸系列浓缩精华安瓶7支装,-,1
44569925037,德国直邮   Balea Beauty Effect 玻尿酸系列浓缩精华安瓶7支,0,0
547448184499,香港代购德国芭乐雅BALEA Beauty Effect玻尿酸浓缩精华安瓶7*1ml,0,0
547553131889,Balea Beauty Effect芭乐雅玻尿酸系列浓缩精华安瓶补水提拉紧致,0,0
548402811899,德国Balea Beauty Effect 玻尿酸紧致提拉浓缩精华安瓶7支一盒,1,1
549003426338,德国Balea芭乐雅Beauty Effect玻尿酸原液浓缩精华安瓶,0,0
41156021819,现货德国Balea Beauty Effect 玻尿酸紧致提拉浓缩精华安瓶7支,0,0
544286596987,Balea beauty effect芭乐雅玻尿酸浓缩精华安瓶7支装,0,0
531116271572,德国balea beauty Effect 透明质酸（玻尿酸）系列浓缩精华安瓶,0,0
521143594141,德国直邮丨芭乐雅Balea Beauty Effect透明质酸玻尿酸浓缩精华,-,14
548597489837,澳洲直邮 芭乐雅BALEA Beauty Effect 玻尿酸紧致浓缩精华安瓶,0,0
524650668224,德国balea芭乐雅玻尿酸原液进口补水保湿提拉紧致精华液安瓶7支,777,1066
45242486374,德国原装Balea Beauty Effect芭乐雅玻尿酸浓缩精华安瓶7支,6,0
520902156578,德国Balea Beauty Effect透明质酸玻尿酸系列浓缩精华安瓶7支,0,0
546466395277,德国芭乐雅BALEA Beauty Effect 玻尿酸紧致提拉浓缩精华安瓶,-,3
525881331705,芭乐雅balea精华素胶囊保湿补水紧致抗皱抗衰老舒缓现货,252,485
529344662889,【现货】芭乐雅 Balea Beauty Effect 透明质酸玻尿酸浓缩精华,0,1
524873967579,德国代购Balea芭乐雅Beauty Effect玻尿酸提拉紧致保湿浓缩精华,0,9
534931211445,芭乐雅BALEA Beauty Effect 玻尿酸紧致提拉浓缩精华安瓶7×1ml,-,1
528448142839,德国Balea芭乐雅 Beauty Effect玻尿酸提拉紧致保湿浓缩精华安瓶,0,0
543705596871,欧洲原装玻尿酸原液涂抹式补水保湿去皱防衰老去斑去黄面部精华液,7,11
551262452430,代购德国Balea芭乐雅Beauty Effect玻尿酸紧致提拉浓缩精华安瓶,0,0
524291825519,德国 Balea芭乐雅 Beauty Effect 玻尿酸紧致提拉浓缩精华安瓶,0,1
549547656755,Balea芭乐雅 Beauty Effect 玻尿酸紧致提拉浓缩精华安瓶7支,0,0
548304906652,香港代购德国芭乐雅BALEA Beauty Effect玻尿酸浓缩精华安瓶7*1ml,0,0
35186191016,德国Balea Beauty Effect芭乐雅代购/玻尿酸系列浓缩精华安瓶7支,0,0
546642647315,德国Balea Beauty Effect 芭乐雅玻尿酸浓缩精华安瓶7支 补水紧致,-,7
536941759700,澳洲代购德国芭乐雅BALEA Beauty Effect 玻尿酸紧致浓缩精华安瓶,52,208
549590858030,澳洲代购德国芭乐雅BALEA Beauty Effect 玻尿酸紧致浓缩精华安瓶,1,1
549370303333,国内现货Balea芭乐雅 Beauty Effect 玻尿酸系列浓缩精华安瓶7支,0,0
39356988583,德国代购 Balea Beauty Effect透明质酸玻尿酸 浓缩精华7支装,7,2
42252006346,德国直邮Balea Beauty Effect透明质酸玻尿酸系列浓缩精华安瓶7支,0,13
530551427853,dm德国Balea芭乐雅玻尿酸浓缩精华7瓶x1ml提拉保湿BEAUTY EFFECT,0,0
547885055674,Balea Beauty Effect芭乐雅玻尿酸系列浓缩精华安瓶 2x7支,0,4
544725717650,Balea Beauty Effect 芭乐雅玻尿酸 提拉紧致保湿浓缩精华安瓶,0,3
523213567365,德国 Balea芭乐雅 Beauty Effect 玻尿酸紧致提拉浓缩精华安瓶,0,0
544887301137,（现货）Balea Beauty Effect芭乐雅玻尿酸系列浓缩精华安瓶7支装,-,1
44569925037,德国直邮   Balea Beauty Effect 玻尿酸系列浓缩精华安瓶7支,-,0
547448184499,香港代购德国芭乐雅BALEA Beauty Effect玻尿酸浓缩精华安瓶7*1ml,0,0
547553131889,Balea Beauty Effect芭乐雅玻尿酸系列浓缩精华安瓶补水提拉紧致,0,0
548402811899,德国Balea Beauty Effect 玻尿酸紧致提拉浓缩精华安瓶7支一盒,1,1
549003426338,德国Balea芭乐雅Beauty Effect玻尿酸原液浓缩精华安瓶,0,0
41156021819,现货德国Balea Beauty Effect 玻尿酸紧致提拉浓缩精华安瓶7支,0,0
544286596987,Balea beauty effect芭乐雅玻尿酸浓缩精华安瓶7支装,0,0
531116271572,德国balea beauty Effect 透明质酸（玻尿酸）系列浓缩精华安瓶,0,0
521143594141,德国直邮丨芭乐雅Balea Beauty Effect透明质酸玻尿酸浓缩精华,0,14
548597489837,澳洲直邮 芭乐雅BALEA Beauty Effect 玻尿酸紧致浓缩精华安瓶,0,0
45242486374,德国原装Balea Beauty Effect芭乐雅玻尿酸浓缩精华安瓶7支,6,0
520902156578,德国Balea Beauty Effect透明质酸玻尿酸系列浓缩精华安瓶7支,0,0
546466395277,德国芭乐雅BALEA Beauty Effect 玻尿酸紧致提拉浓缩精华安瓶,0,3
529344662889,【现货】芭乐雅 Balea Beauty Effect 透明质酸玻尿酸浓缩精华,0,1
524873967579,德国代购Balea芭乐雅Beauty Effect玻尿酸提拉紧致保湿浓缩精华,0,9
534931211445,芭乐雅BALEA Beauty Effect 玻尿酸紧致提拉浓缩精华安瓶7×1ml,1,1
528448142839,德国Balea芭乐雅 Beauty Effect玻尿酸提拉紧致保湿浓缩精华安瓶,-,0
551262452430,代购德国Balea芭乐雅Beauty Effect玻尿酸紧致提拉浓缩精华安瓶,0,0
524291825519,德国 Balea芭乐雅 Beauty Effect 玻尿酸紧致提拉浓缩精华安瓶,-,1
527226700906,法国奶粉guigoz 3段/古戈氏3段/1-3岁标准成长含omega3配方现货,103,329
549547656755,Balea芭乐雅 Beauty Effect 玻尿酸紧致提拉浓缩精华安瓶7支,0,0
548304906652,香港代购德国芭乐雅BALEA Beauty Effect玻尿酸浓缩精华安瓶7*1ml,0,0
541334888901,现货德国芭乐雅BALEA Beauty Effect 玻尿酸紧致提拉浓缩精华安瓶,0,10
527498935555,德国代购 芭乐雅Balea Beauty Effect透明质酸玻尿酸浓缩精华,-,1
525845520347,法国代购直邮/包税古戈氏Guigoz3段进口奶粉包邮900g婴儿成长罐装,9,32
543894551735,现货Balea Beauty Effect芭乐雅玻尿酸提拉紧致保湿浓缩精华 蓝盒,0,1
527286727763,法国直邮包邮包税Guigoz古戈氏3段标准奶粉800g古戈士正品现货,-,183
545556360163,香港代购德国芭乐雅BALEA Beauty Effect玻尿酸浓缩精华安瓶7*1ml,0,1
536378197952,【芭乐雅 Balea Beauty Effect系列】浓缩精华玻尿酸,0,0
42502984443,Balea芭乐雅 Beauty Effect 玻尿酸紧致提拉浓缩精华安瓶7支,0,9
39590677630,德国直邮 Balea芭乐雅 Beauty Effect玻尿酸紧致提拉浓缩精华安瓶,0,2
524645368346,芭乐雅BALEA Beauty Effect 玻尿酸紧致提拉浓缩精华安瓶7×1ml,0,0
17853250807,法国奶粉代购Guigoz 2 EvoliaRelais百年古戈氏2段近母乳型包直邮,27,75
527353832302,法国直邮包邮包税Guigoz古戈氏2段近母乳奶粉800g古戈士正品现货,56,105
549048573305,【法国直邮】Guigoz古戈氏2段近母乳奶粉 6-12个月 800g 药店装,-,1
41892648115,预定 6罐法国直邮Guigoz 2 EvoliaRelais百年古戈氏2段近母乳型,0,2
20661639635,【4或6罐法国邮政直邮】正品代购法国古戈氏Guigoz 2段近母乳奶粉,-,29
546804791101,【法国直邮】法国古戈氏/Guigoz 2段近母乳奶粉/0-6个月/800g,2,1
13393046124,法国直邮 包邮包税guigoz2段奶粉古戈氏近母乳富含铁锌6-12月特价,34,98
521836974406,Guigoz古戈氏Relais近母乳型2段奶粉800g法国直邮4罐包邮包税另算,4,23
25876300043,法国代购直邮 nestle雀巢 古戈氏guigoz 2段近母乳奶粉 800g新版,-,0
543895806046,法国代购 Guigoz古戈氏 2段近母乳奶粉 6-12月 富含铁锌 800g,15,4
22145540294,法国6罐直邮/guigoz古戈氏2段/含铁锌/近母乳配方奶粉 800g,6,3
526441759337,法国代购 / Guigoz 古戈氏2段近母乳型奶粉800克 / 6罐包邮,0,3
38747344761,【法国直邮】畅销百年Guigoz古戈氏2段近母乳奶粉6-12个月,10,3
527015176974,法国代购包税直邮 古戈氏GUIGOZ 2段近母乳婴儿奶粉 6到12月 800g,2,1
10206959497,法国直邮/法国Guigoz古戈氏近母乳口味奶粉二段/6-12个月,0,0
528057497747,法国代购雀巢古戈氏/guigoz近母乳2段婴儿奶粉6-12个月/3罐包直邮,0,0
539414060510,法国代购Guigoz古戈氏2段近母乳配方6-12个月婴幼儿奶粉含omega3,0,5
533080706755,国内现货 Guigoz古戈氏2段近母乳配方奶粉 800g 含OMEGA-3 铁锌,1,10
530979400071,法国直邮 古戈氏/guigoz 2段 近母乳奶粉 800g 6罐起拍,0,0
544592021526,法国代购 Guigoz古戈氏 2段近母乳奶粉 6-12月 富含铁锌 800g,0,0
15390832990,法国直邮 药房版 guigoz古戈氏 近母乳富铁锌奶粉2二段 6罐包直邮,0,0
547575063078,法国古戈氏GUIGOZ2段近母乳型婴儿奶粉6-12月800g四罐包税直邮,0,0
43402363663,法国代购直邮古戈氏guigoz2/二段近母乳奶粉新版婴幼儿牛奶粉附票,0,0
543799418345,法国奶粉 Guigoz 古戈氏2段近母乳型奶粉 6-12个月 现货,0,0
21423571499,【法国代购 直邮】古戈氏Guigoz 2二段6-12个月近母乳型奶粉800g,0,1
527759248257,Guigoz古戈氏近母乳奶粉二段6-12个月800g 巴黎亲亲宝贝法国购,0,1
522769396035,代购包邮法国直邮古戈氏guigoz 2段近母乳型奶粉800g原装罐装正品,6,5
546399539742,饼干麻麻法国代购guigoz古戈氏近母乳2段奶粉6-12个月 法国邮政直,0,0
41894168264,KIMI法国购 Guigoz古戈氏2段近母乳配方奶粉 800g 含OMEGA-3 铁锌,0,4
546761614167,FUFU法国购 6罐直邮 包邮guigoz2段奶粉古戈氏近母乳富含铁锌,0,0
537634628582,Guigoz二段 古戈氏2段近母乳奶粉800g 法国直邮包税包邮/百年品牌,0,1
541215446412,法国雀巢guigoz古戈氏奶粉婴儿2段幼儿配方奶粉 近母乳版800克,0,1
521739487239,法国直邮古戈氏Guigoz 二段2段relais近母乳奶粉6罐包邮,0,0
546743365163,【巴黎淘正品法国代购】Guigoz古戈氏2段标准近母乳助消化奶粉,4,1
550816573950,法国直邮 包邮包税guigoz2段奶粉古戈氏近母乳富含铁锌6-12月 6罐,0,0
16313865637,法国太太直邮 奶粉Guigoz古戈氏二段 /6-12个月 Relais近母乳型,0,0
36482126303,法国畅销百年贵族品牌Guigoz古戈氏近母乳配方2段奶粉专业代购,0,2
25769424480,Guigoz古戈氏海外奶粉/富含铁锌近母乳型奶粉2段6-12月/直邮包邮,0,0
537083534761,饼干麻麻法国邮政直邮Guigoz古戈氏近母乳2段奶粉6-12月,0,4
526995708664,【四罐法国直邮】雀巢Guigoz古戈氏 二段6-12月近母乳型奶粉800g,0,0
545418887794,法国Guigoz古戈氏2段近母乳配方奶粉,0,0
39913555633,法国直邮 畅销百年guigoz古戈氏二段奶粉 近母乳型富含铁锌6-12月,0,0
522057226465,法国小儿郎代购法国老字号古戈氏guigoz近母乳型奶粉2段800g,0,0
538336379795,Guigoz古戈氏2段近母乳配方奶粉 800g 含OMEGA-3 铁锌,0,0
541190093955,法国代购直邮拼邮 古戈氏 guigoz  2段 近母乳型 婴幼儿 奶粉800g,0,0
12889514617,代购直邮-法国Guigoz古戈氏2段近母乳奶粉混合喂养6-12月,0,2
551135046749,【法国代购】guigoz古戈氏近母乳富含铁锌奶粉2段6-12月包邮包税,0,0
17584353719,【法国直邮】法国Guigoz/古戈氏 3段标准成长型奶粉/1-3岁/900g,147,527
19275129495,法国代购Guigoz古戈氏3段标准成长配方型奶粉800G【6罐直邮】,7,2
527226700906,法国奶粉guigoz 3段/古戈氏3段/1-3岁标准成长含omega3配方现货,103,329
526933202474,法国代购包税直邮 古戈氏GUIGOZ 3段标准奶粉婴儿奶粉 1-3岁 900g,6,5
39500470291,法国代购直邮 Guigoz古戈氏标准成长型三段奶粉富含Omega3 /1-3岁,0,2
527286727763,法国直邮包邮包税Guigoz古戈氏3段标准奶粉800g古戈士正品现货,76,183
12875201709,代购直邮-法国Guigoz古戈氏3段标准型奶粉1-2-3岁及以上900g新版,24,10
37461136513,Guigoz古戈氏Croissance 3段标准奶粉900g法国直邮4罐/包税另算,141,229
520105912709,法国邮政直邮 法国古戈氏Guigoz3段标准成长奶粉1-3岁800g含omega,3,1
43874891609,法国奶粉guigoz 3段/古戈氏3段/1-3岁标准成长含omega3配方新包装,0,2
522117939783,直邮法国代购 古戈氏Guigoz 3段奶粉标准型成长900g 四罐包邮三段,19,40
528074708630,法国代购雀巢古戈氏guigoz婴儿奶粉标准型3段1岁以上/3罐包直邮税,0,1
533693329143,法国古戈氏GUIGOZ3段奶粉标准型24-36个月6罐包直邮900g,0,1
538532537462,法国直邮 古戈氏/Guigoz 3段标准/婴儿奶粉800g 6罐发/包税另算,0,2
547546202953,法国直邮古戈氏GUIGOZ3段标准型奶粉婴儿奶粉1-3岁800g四罐包税,0,0
545840992021,法国代购/南特微微 guigoz古戈氏3段成长型标准奶粉 1-3岁800g,0,1
40439506472,三皇冠法国Guigoz古戈氏三段1-3岁标准成长奶粉800G含omega3配方,0,0
524121744662,Guigoz古戈氏 3段10月+ Croissance标准成长奶粉/6罐法国直邮包邮,0,0
526535440573,法国直邮@古戈氏guigoz 800g/3段标准奶粉1岁到3岁/4罐一箱起,0,0
522059584130,现货上海-法国正品3罐-雀巢Guigoz古戈氏3段标准型omega3奶粉900g,0,0
39126521416,法国奶粉代购直邮6罐包邮雀巢guigoz古戈氏标准3段1-3岁1KG新包装,0,0
538442033842,法国正品 古戈氏guigoz 3段1-3岁标准成长型婴儿奶粉含omega3配方,0,0
537632824510,Guigoz三段 古戈氏3段标准成长型奶粉800g 法国直邮包税/百年品牌,0,0
527249828952,法国邮政直邮 法国古戈氏Guigoz3段标准成长奶粉1-3岁1000g,0,0
538574480570,法国4罐直邮 Guigoz古戈氏3段标准型宝宝奶粉 900g,0,0
541730350174,法国海外代购 Guigoz古戈氏3段 1-3岁标准型婴幼儿奶粉800g,0,0
544563720848,法国代购 / Guigoz 古戈氏3段标准型奶粉900克 / 6罐包邮,0,0
548185143414,法国代购 6桶直邮 Guigoz/古戈氏 3段婴幼儿标准奶粉 1-3岁 800g,0,0
520557683957,法国代购 6桶直邮 Guigoz/古戈氏 3段婴幼儿标准奶粉 1-3岁 800g,0,5
19455868485,新款900g！法国代购古戈氏Guigoz宝宝婴儿标准配方3段奶粉,6,2
534873924707,古戈氏 [法国包直邮]Guigoz 标准型3段婴幼儿奶粉1-3岁/6罐,0,2
20618760349,【法国代购】GUIGOZ古戈氏奶粉标准3段三段 包邮包税 900g,0,2
545692679618,代购法国古戈氏Guigoz标准型配方婴儿奶粉3段正品保证 900g,0,0
546925824265,法国代购3段1-2-3岁800g 古戈氏Guigoz 标准成长奶粉幼儿奶粉,0,0
530329387018,法国代购 / Guigoz 古戈氏3段标准型奶粉1000克 / 5盒包邮,0,0
527004742119,国内现货/直邮法国奶粉guigoz 3段/古戈氏3段/1-3岁标准成长,6,3
546710140417,【巴黎淘正品法国代购】Guigoz古戈氏3段标准配方奶粉,0,2
542063950182,法国古戈氏GUIGOZ3段奶粉标准型24-36个月6罐包直邮900g,0,0
18758442078,海外奶粉代购/Guigoz古戈氏标准型成长奶粉3段/12+/直邮包邮,0,0
543724364648,代购法国六罐直邮 古戈氏 Guigoz 3段 婴幼儿 标准奶粉900g,0,0
534266993289,代购直邮-法国Guigoz古戈氏3段标准型奶粉1-2-3岁及以上930g特供,0,8
546305571741,法国直邮6罐起发 Guigoz古戈氏 3段标准奶粉800g 儿童成长牛奶粉,0,0
526933839694,【四罐法国直邮】雀巢Guigoz古戈氏 三段1-3岁标准成长型奶粉800g,0,0
526976908261,6罐包邮)法国直邮畅销百年Guigoz古戈氏 标准型成长奶粉3段800g,0,0
544547348803,【法国直邮】古戈氏Guigoz标准成长型奶粉 3段(1~3岁)800g罐原装,0,0
17933933987,法国GUIGOZ 3段古戈氏800G克标准型奶粉/1岁/雀巢/直邮,0,0
17584353719,【法国直邮】法国Guigoz/古戈氏 3段标准成长型奶粉/1-3岁/900g,147,527
19275129495,法国代购Guigoz古戈氏3段标准成长配方型奶粉800G【6罐直邮】,1,2
527226700906,法国奶粉guigoz 3段/古戈氏3段/1-3岁标准成长含omega3配方现货,103,329
526933202474,法国代购包税直邮 古戈氏GUIGOZ 3段标准奶粉婴儿奶粉 1-3岁 900g,6,5
39500470291,法国代购直邮 Guigoz古戈氏标准成长型三段奶粉富含Omega3 /1-3岁,0,2
527286727763,法国直邮包邮包税Guigoz古戈氏3段标准奶粉800g古戈士正品现货,76,183
12875201709,代购直邮-法国Guigoz古戈氏3段标准型奶粉1-2-3岁及以上900g新版,24,10
37461136513,Guigoz古戈氏Croissance 3段标准奶粉900g法国直邮4罐/包税另算,141,229
520105912709,法国邮政直邮 法国古戈氏Guigoz3段标准成长奶粉1-3岁800g含omega,3,1
43874891609,法国奶粉guigoz 3段/古戈氏3段/1-3岁标准成长含omega3配方新包装,0,2
522117939783,直邮法国代购 古戈氏Guigoz 3段奶粉标准型成长900g 四罐包邮三段,19,40
528074708630,法国代购雀巢古戈氏guigoz婴儿奶粉标准型3段1岁以上/3罐包直邮税,0,1
533693329143,法国古戈氏GUIGOZ3段奶粉标准型24-36个月6罐包直邮900g,0,1
538532537462,法国直邮 古戈氏/Guigoz 3段标准/婴儿奶粉800g 6罐发/包税另算,0,2
547546202953,法国直邮古戈氏GUIGOZ3段标准型奶粉婴儿奶粉1-3岁800g四罐包税,0,0
545840992021,法国代购/南特微微 guigoz古戈氏3段成长型标准奶粉 1-3岁800g,0,1
40439506472,三皇冠法国Guigoz古戈氏三段1-3岁标准成长奶粉800G含omega3配方,0,0
524121744662,Guigoz古戈氏 3段10月+ Croissance标准成长奶粉/6罐法国直邮包邮,0,0
526535440573,法国直邮@古戈氏guigoz 800g/3段标准奶粉1岁到3岁/4罐一箱起,0,0
522059584130,现货上海-法国正品3罐-雀巢Guigoz古戈氏3段标准型omega3奶粉900g,0,0
39126521416,法国奶粉代购直邮6罐包邮雀巢guigoz古戈氏标准3段1-3岁1KG新包装,0,0
538442033842,法国正品 古戈氏guigoz 3段1-3岁标准成长型婴儿奶粉含omega3配方,0,0
537632824510,Guigoz三段 古戈氏3段标准成长型奶粉800g 法国直邮包税/百年品牌,0,0
527249828952,法国邮政直邮 法国古戈氏Guigoz3段标准成长奶粉1-3岁1000g,0,0
538574480570,法国4罐直邮 Guigoz古戈氏3段标准型宝宝奶粉 900g,0,0
541730350174,法国海外代购 Guigoz古戈氏3段 1-3岁标准型婴幼儿奶粉800g,0,0
544563720848,法国代购 / Guigoz 古戈氏3段标准型奶粉900克 / 6罐包邮,0,0
548185143414,法国代购 6桶直邮 Guigoz/古戈氏 3段婴幼儿标准奶粉 1-3岁 800g,0,0
520557683957,法国代购 6桶直邮 Guigoz/古戈氏 3段婴幼儿标准奶粉 1-3岁 800g,0,5
19455868485,新款900g！法国代购古戈氏Guigoz宝宝婴儿标准配方3段奶粉,6,2
534873924707,古戈氏 [法国包直邮]Guigoz 标准型3段婴幼儿奶粉1-3岁/6罐,0,2
20618760349,【法国代购】GUIGOZ古戈氏奶粉标准3段三段 包邮包税 900g,0,2
545692679618,代购法国古戈氏Guigoz标准型配方婴儿奶粉3段正品保证 900g,0,0
546925824265,法国代购3段1-2-3岁800g 古戈氏Guigoz 标准成长奶粉幼儿奶粉,0,0
530329387018,法国代购 / Guigoz 古戈氏3段标准型奶粉1000克 / 5盒包邮,0,0
527004742119,国内现货/直邮法国奶粉guigoz 3段/古戈氏3段/1-3岁标准成长,6,3
546710140417,【巴黎淘正品法国代购】Guigoz古戈氏3段标准配方奶粉,0,2
542063950182,法国古戈氏GUIGOZ3段奶粉标准型24-36个月6罐包直邮900g,0,0
18758442078,海外奶粉代购/Guigoz古戈氏标准型成长奶粉3段/12+/直邮包邮,0,0
534266993289,代购直邮-法国Guigoz古戈氏3段标准型奶粉1-2-3岁及以上930g特供,0,8
543724364648,代购法国六罐直邮 古戈氏 Guigoz 3段 婴幼儿 标准奶粉900g,0,0
546305571741,法国直邮6罐起发 Guigoz古戈氏 3段标准奶粉800g 儿童成长牛奶粉,0,0
526933839694,【四罐法国直邮】雀巢Guigoz古戈氏 三段1-3岁标准成长型奶粉800g,0,0
526976908261,6罐包邮)法国直邮畅销百年Guigoz古戈氏 标准型成长奶粉3段800g,0,0
544547348803,【法国直邮】古戈氏Guigoz标准成长型奶粉 3段(1~3岁)800g罐原装,0,0
17933933987,法国GUIGOZ 3段古戈氏800G克标准型奶粉/1岁/雀巢/直邮,0,0
10108528115,德国直邮/现货 Holle泓乐/凯莉高档有机奶粉4段600克 小票9盒包邮,0,7
18203975381,德国本土直邮现货 原装进口Holle 4凯莉泓乐有机奶粉4段四段1+,186,579
18279385877,免费视频 德国直邮原装进口Holle 4凯莉泓乐有机奶粉4段四段 18.4,0,12
526101218350,直邮德国版瑞士holle4段 泓乐四段婴儿奶粉天然有机奶粉4段12个月,0,0
16471850043,德国直邮现货德国直邮原装进口Holle 4凯莉泓乐有机奶粉4段四段1+,29,59
540257771567,代购德国泓乐奶粉holle有机1段2段3段4段羊奶牛奶洪乐超市拍视频,21,84
537127555701,【保税区满2包邮】德国凯莉泓乐有机奶粉Holle 4段/四段 600g,50,34
522784935398,【德国直邮包税】 Holle 德国泓乐4段1岁以上 有机婴儿奶粉,0,20
22366948894,德国代购 直邮 Holle 4 泓乐 有机婴儿奶粉 4段 12月 4盒包邮包税,15,16
37364036657,现货 德国本土泓乐Holle4段有机奶粉 德国Holle 4 空运,28,51
536461643802,德国直邮HOLLE泓乐3 4段  10个月1岁以上有机牛奶粉 现货亏本清仓,8,38
537585244045,德国直邮 泓乐Holle有机奶粉 4段 12个月以上 4盒起直邮,10,3
530847913682,现货 3盒包邮 德国本土原装HOLLE凱莉泓乐4段600g婴幼儿有机奶,4,3
547125265666,德国现货直邮进口特福芬pre段1段2段3段4段凯莉泓乐有机奶粉600g,0,1
9620538778,德国直邮代购8盒发 德国泓乐Holle4段四段有机奶粉鸿乐凯莉holle4,60,194
45558625247,德国本土Holle凯莉泓乐 有机4段奶粉（1岁以上）600g 4盒包税,8,2
549094232397,德国直邮进口特福芬4段凯莉泓乐有机奶粉600g8盒直邮包税,0,0
14505643299,有现货！德国原装Holle/泓乐/凯莉有机婴儿奶粉4段 600g,5,7
43932486247,现货 德国凯莉泓乐四段婴儿奶粉代购 holle有机4段1岁以上宝宝,48,13
41367938634,德国直邮 Holle 泓乐4段1岁以上 有机婴儿奶粉 4盒包邮包税,4,0
520406118852,诚妈德国直邮代购holle泓乐有机配方婴幼儿牛奶粉4段推荐,4,11
37370080496,德国包邮/原装 Holle凱莉泓乐有机幼儿奶粉4段600g 8盒包邮,8,9
522157371376,现货德国原装泓乐Holle4段有机鸿乐奶粉四段1岁以上 600g盒装,18,3
37545836760,德国直邮代购本土现货 原装Holle凱莉泓乐有机奶粉4段直邮,10,66
18576947058,德国直邮 泓乐holle凯莉有机奶粉4段12个月,0,0
530485163788,【天天特价】德国直邮现货 原装进口Holle 4泓乐有机奶粉4段四段,41,126
548248399671,德国直邮Holle凯莉泓乐有机婴儿配方奶粉2段3段4段二段三段四段现,0,1
21200323978,德国进口Holle泓乐/凯莉 有机婴幼儿牛奶粉1段2段3段4段都有 现货,0,4
36413002069,8盒包德国邮 凯莉/泓乐Holle有机奶粉4段12月以上1+,0,2
539435525424,德国原装进口Holle 4凯莉泓乐婴儿有机奶粉4段四段1岁起,51,90
520874633453,德国直邮现货德国泓乐Holle有机婴儿奶粉4段包邮包税现货120,88,52
545130484846,现货4盒全国包邮德国原版进口直邮凯利holle泓乐有机婴儿奶粉4段,19,30
40677979120,德国直邮/现货 泓乐鸿乐 Holle有机4段四段1+牛奶粉（一岁以上）,61,128
17108565624,【德国直邮包税】Holle泓乐凱莉有机1+段婴幼儿奶粉4段,0,26
13537557407,【德国直邮-包邮包税】德国Holle活乐泓乐有机婴幼儿奶粉1岁+ 4段,0,5
15546309573,代购现货2盒包邮 德国泓乐Holle4段四段有机奶粉鸿乐凯莉 Holle 4,195,395
527477431799,空运现货 2盒包邮 德国泓乐Holle4段有机奶粉 德国Holle4代购直邮,8,11
37786113227,[比利时直邮]瑞士泓乐Holle有机婴幼儿奶粉4段600克(8盒包邮),0,2
523406005509,德国Holle泓乐直邮代购婴儿有机奶粉1段/2段/3段/4段现货包邮税,0,5
17222674598,直邮/现货 德国原装泓乐Holle 凯莉 有机婴幼儿奶粉 1 2 3 4段,0,0
15511737947,代购 德国Holle 泓乐有机奶粉 4段 1岁 600克装4盒包直邮包关税,0,0
529450014498,德国直邮代购Holle泓乐有机奶粉3段1段2段4段婴儿配方奶粉,0,0
26098560504,德国版原装泓乐Holle凱莉有机奶粉4段 1岁+,0,0
543887160025,代购/8盒包邮包税 德国泓乐Holle有机牛奶粉 2/3/4段链接600g,0,0
37182677083,现货 德国HOLLE凯莉泓乐有机牛奶粉 4段 12个月 提供采购视频,0,7
543012857808,直邮奥地利Holle泓乐有机奶粉4段 提供一对一视频 600g 8盒包邮,0,1
42415394757,德国泓乐holle 4段有机奶粉 600g 现货,1,0
530720265836,德国直邮代购(9/12盒包邮)Holle/凱莉弘乐 有机 奶粉4段 1岁,12,12
39317857139,直邮德国泓乐Holle凱莉有机幼儿奶粉4段12月起到3岁600g  8盒起邮,0,2
541350558932,【德国仓直邮】德国Holle泓乐凯莉婴幼儿有机牛奶粉1段2段3段4段,0,0
547448777102,德国原装进口Holle泓乐有机婴幼儿奶粉4段 牛奶粉600g,0,0
534463744778,直邮德国泓乐Holle4段有机奶粉德国Holle4段1+,0,0
41678718241,德国直邮Holle 泓乐/凯莉有机婴儿奶粉4段12个月+600g,0,0
545411318724,直邮包邮包税 德国凯莉泓乐4段婴儿奶粉holle有机奶粉 8盒一箱,0,0
18305207293,德国直邮 泓乐Holle有机奶粉4段 12个月以上 600克 8盒包邮,0,0
532889381873,直邮德国代购凯莉泓乐四段婴儿奶粉 holle有机4段 1岁+,0,0
545535959695,德国代购直邮/现货 泓乐Holle有机4段四段1+牛奶粉（一岁以上）,0,0
41644152135,德国直邮Holle凱莉泓乐有机奶粉4段1岁+ 600g,0,0
548361756577,德国Holle泓乐有机配方奶粉4段（12个月以上）600g*3盒直邮,0,0
527787832538,一对一视频德国直邮德国泓乐Holle4段有机奶粉 Holle 4,0,0
44612009640,德国直邮 holle凱莉泓乐有机奶粉4段 婴儿有机奶粉12个月以后,0,0
20124205695,荷兰直邮 9盒包邮 德国泓乐Holle凱莉有机奶粉4段 demeter认证,0,2
37179929679,【德国直邮】Holle泓乐凯莉 有机婴儿成长奶粉 4段 600G 8盒直邮,0,0
548924941281,德国原装直邮Holle凱莉/泓乐有机奶粉4段 600克 1岁以上(8盒包邮),0,0
38867877407,|直邮||满8直邮 德国Holle泓乐有机4段奶粉 1岁以上的宝宝 600g|,0,2
38661297324,德国直邮代购 Holle泓乐凱莉有机牛奶粉4段12月以上600g 8盒包邮,0,1
37486749709,德国原装泓乐Holle凱莉有机奶粉4段600g,0,0
547835871362,（现货）德国代购Holle泓乐/凯莉 有机婴幼儿牛奶粉4段,0,0
541918198764,现货/直邮  德国泓乐Holle有机牛奶粉1-2-3-4段,0,0
547371504444,德国直邮 Holle泓乐 高档有机 4段奶粉 600g 小票报纸,0,0
42852061879,德国正品直邮 Holle泓乐婴儿有机奶粉4段1岁以上8盒包邮 600g,0,0
36324717145,德国直邮 原装瑞士Holle凱莉泓乐有机奶粉1岁4段 幼儿奶粉,0,0
35758949535,德国Holle凯莉/泓乐 有机奶粉4段 1+　10盒包邮,0,0
36104324067,非常新鲜/德国直邮或现货holle 凯莉弘乐4段奶粉600g有机,0,0
531071969985,德国直邮正品包邮包税Holle凯利泓乐天然有机奶粉4段600g 1岁以上,0,0
36630337125,德国直邮：德国Holle泓乐有机婴儿配方奶粉4段 1岁以上600g非现货,0,2
36552360267,德国直邮代购 【8盒包邮】 凯莉Holle泓乐有机奶粉 4段1+ 600g,0,0
520634130529,德国直邮Holle泓乐凯莉高档有机配方婴儿奶粉4段12+ 8罐包邮,0,0
44600138346,【德国直邮】原装 Holle泓乐有机婴儿奶粉4段 1岁以上 600g,0,0
39274903004,现货新版德国本土有机Holle4段奶粉泓乐凯莉四段holle 4 holle4,0,6
22600416064,空运现货 4盒包邮德国泓乐Holle4段有机奶粉德国Holle4段  可直邮,6,8
18946310218,德国Holle 凯莉/弘乐/鸿乐有机婴儿奶粉4段600g，8盒包邮直邮,0,0
25326096069,原装奥地利直邮德国泓乐Holle有机婴儿奶粉12个月以上600克 4段,0,0
543722402344,德国原装Holle泓乐有机婴幼儿奶粉1段2段3段4段 8盒包邮直邮,0,0
18210546163,德国直邮 德国版原装泓乐Holle凱莉有机奶粉 1段2段3段4段 直邮,0,5
21987663579,【国内现货】3盒包邮 德国版泓乐Holle凱莉有机奶粉4段 1岁+,0,2
551021877243,临期 代购德国Holle泓乐有机幼儿配方奶粉 2段 3段 4段,0,0
543794421593,德国原装代购正品原装德版Holle凯利泓乐有机奶粉4段600g 1岁以上,0,0
41877712276,现货 holle 4段 泓乐凯莉4段有机奶粉 600g,0,0
521724345414,德国Holle凯莉泓乐有机奶粉4段12个月以上婴幼儿 德国直邮 现货,0,0
41254525089,欧洲代购德国本土Holle泓乐(凯利)有机婴儿奶粉4段 10盒包邮,0,0
36292626927,德国直邮 德国瑞士凯莉弘乐Holle有机婴儿奶粉4段 600g 10盒包邮,0,0
41331240841,直邮/现货德国凯莉4段holle有机奶粉原装进口 600g泓乐1岁以上,0,0
26585300276,〖德国小铺〗HOLLE/凯莉泓乐 有机奶粉4段 直邮代购 运费另拍,0,0
535441456335,德国直邮 泓乐4段有机奶粉1岁以上 holle 1+600g,0,0
41178159334,德国直邮Holle凯莉弘乐泓乐有机婴儿奶粉4段1+12盒包邮,0,0
36370347452,德国代购 直邮 Holle 4 泓乐 有机婴儿奶粉 4段 10盒起包邮,0,0
542292947541,德国直邮Holle泓乐凯莉有机婴儿奶粉4段1岁以上600g包邮包税8盒起,0,0
43603776959,德国直邮 Holle凯莉凯莉弘乐泓乐有机婴儿奶粉4段,0,0
43254037204,现货 德国原装代购 holle泓乐4段有机婴幼儿奶粉一岁以上,0,10
522854038947,【8盒起包邮】德国直邮凯莉泓乐Holle有机婴儿奶粉4段 600g,0,0
18354621214,佳佳德国代购直邮Holle/凯莉泓乐婴幼儿有机奶粉4段 600g 8盒包邮,0,0
37907634225,现货 德国原装Holle泓乐/凯莉婴幼儿有机配方奶粉4段 600克,0,2
42455370729,德国直邮迪比特泓乐Holle凱莉有机奶粉4段 1岁+ 600克，8个包邮,0,1
530511877099,【牛奶粉】德国 Holle 泓乐有机儿童牛奶粉4段600g（12个月以上）,0,0
16330651234,德国直邮 HOLLE凯莉/泓乐有机配方奶粉4段1岁起600克 8盒起包邮,0,0
36631732340,直邮 瑞士采购 德国泓乐Holle凯利有机成长奶粉 4段 8盒包邮,0,0
40899970999,德国原装直邮 Holle宏乐凯莉泓乐 有机婴儿奶粉 4段 1岁+ 600g,0,1
37296028828,德国直邮代购holle泓乐婴幼儿有机牛奶粉4段12个月以上600g,0,1
38024474985,德国直邮 Holle泓乐Bio有机婴儿奶粉4段 12个月+ 600g,0,0
526535348597,直邮/保税/现货 德国原装进口Holle泓乐有机婴幼儿奶粉4段 牛奶粉,0,0
538468159581,【德国直邮】原装凯莉泓乐4段婴儿奶粉 holle4有机奶粉1+ 1岁以上,0,0
40184723622,直邮 德国原版凯利holle弘乐2段3段4段1岁成长有机幼儿奶粉,0,0
527474384985,德国代购 德国泓乐Holle凯莉有机奶粉4段1+,0,0
18505376692,德国原装进口奶粉 Holle凱莉/泓乐 有机牛奶粉 4段 600克直邮代购,0,0
532686057153,特价出 holle4泓乐 有机幼儿配方奶粉四段600g 4段 德国奶源,0,0
45880289260,直邮  德国瑞士Holle泓乐/凯莉有机婴幼儿奶粉4段4盒包邮包税,0,0
20135043442,【现货】140元 德国泓乐凯莉有机奶粉Holle4段四段奶粉 直邮130,0,10
542757664348,德国泓乐Holle凯莉有机牛奶粉4段 600g海外直邮  8盒包邮 可混拍,0,0
37144818363,德国直邮holle泓乐凯莉有机奶粉4段 600G 12+ 10盒包邮 1岁以上,0,0
36998513557,【德国直邮】德国泓乐Holle凯莉有机4段婴儿奶粉 1岁以上,0,0
13494421768,德国直邮Holle凱莉泓乐有机奶粉4段/1岁 8盒包邮 免费视频,0,1
17546365193,【德国直邮】Holle 泓乐凯莉4段婴幼儿有机奶粉包邮凱莉盒装600g,0,0
530712205545,holle泓乐有机奶粉1段 2段 3段 4段德国原装进口婴儿有机奶粉 8盒,0,0
522707865203,德国直邮 泓乐 凯莉Holle有机奶粉4段12月8盒包邮，原始小票+报纸,0,0
37466766277,*德国直邮* 泓乐/凯莉Holle 4段有机婴幼儿奶粉1+/1岁以上600g,0,0
14933774614,德国采购DHL直邮 瑞士德国 泓乐 凯莉 有机奶粉4段1+ 邮费另拍,0,1
37183384724,直邮德国原装holle4凱莉泓乐有机牛奶粉4段600g 1岁,0,0
36973015014,直邮 德国原产进口泓乐Holle凱莉有机奶粉4段 1岁＋,0,3
16965082647,德国原装直邮 Holle凱莉/泓乐 有机牛奶粉 4段 600克 无现货,0,0
547673348231,德国Holle泓乐婴儿有机牛奶粉1段2段3段4段400克600克,0,0
551233230634,德国正品代购泓乐奶粉holle天然有机牛奶婴儿奶粉1段2段3段4段,0,0
21377860333,德国直邮 holle 凯利 泓乐有机奶粉 1岁以上4段 正品10盒包邮,0,0
536954314533,【德国直邮包税】 Holle 德国泓乐4段1岁以上 有机婴儿奶粉,0,0
535694982808,德国直邮代购 bio Holle泓乐4段有机牛奶粉1岁Holle4 现货2盒包邮,0,1
548144982709,代购德国泓乐奶粉holle有机2段3段4段牛奶粉洪乐可标记拍照视频,0,0
546789128760,4盒装 德国直邮Holle泓乐有机婴幼儿牛奶粉4段1岁以上宝宝600g/罐,0,0
546449221698,Holle泓乐 有机婴儿配方奶粉 4段 600g 德国直邮6盒起发包邮包税,0,0
542320576419,德国凯莉泓乐4段婴儿奶粉 holle有机4段1岁以上宝宝4盒包直邮,0,0
18090650865,德国直邮 泓乐Holle凱莉有机4段 1+ 1岁奶粉 8盒包邮,0,1
40178632350,直邮8盒包邮 德国泓乐凯莉Holle有机婴幼儿奶粉4段 12个月+600g,0,0
39080263404,直邮/现货 海淘代购进口德国holle凯莉泓乐有机婴儿奶粉4段600克,0,2
535976711193,德国直邮代购德版正品Holle凯莉泓乐4段600g1岁婴幼儿有机奶粉,0,0
546447984226,德国直邮Holle泓乐有机幼儿配方奶粉4段 12个月以上 600g,0,0
524276180316,4盒德国直邮包税 holle弘乐有机婴儿奶粉4段12个月以上 朵朵荐宝,0,0
44508509037,德国直邮 原装凯莉泓乐有机奶粉holle4段 600g,0,0
539448564782,德国本土代购直邮现货Holle泓乐鸿乐有机婴幼儿牛奶粉2段3段4段,0,0
546484011596,泓乐Holle有机婴儿奶粉 2段/3段/4段 600g,0,0
522564640761,Holle瑞士泓乐 4段有机奶粉 德国药房直邮 现货！100%直邮正品,0,0
530761154934,德国直邮原装正品Holle泓乐有机婴儿奶粉四段4段 4盒包邮包税,0,0
14369564417,直邮 德国泓乐4段Holle凯莉原装进口有机婴儿奶粉 9盒包邮 1岁+,0,1
531721646430,德国原装holle泓乐有机奶粉4段，1岁以上，600克/盒，holle4,0,10
37286615489,德国 Holle泓乐/凯莉有机奶粉 4段 12个月以上 600克 国内现货,0,0
548321059067,德国Holle凯莉泓乐婴幼儿有机奶粉 2段3段4段 600克,0,0
25938316218,【现货、直邮】德国原装Holle凯莉/泓乐有机婴儿奶粉4段 12盒600g,0,0
521155745827,德国泓乐/凯莉Holle有机奶粉2段 3段 4段日期好,0,3
530622159411,【现货】德国原装 Holle 凯莉\泓乐有机婴儿配方奶粉4段 假一罚十,0,6
547386493864,德国原装进口Holle泓乐有机婴幼儿奶粉4段12+ 牛奶粉600g,0,0
42585344301,德国直邮 泓乐Holle凯莉 婴幼儿有机奶粉4段12月以上600g 8盒包邮,0,0
39662716208,德国直邮Holle泓乐有机奶粉4段12个月以上 6盒包邮,0,0
521404816112,现货德国原装正品Holle4泓乐本土有机婴儿奶粉4段 600g 1岁1+以上,0,0
18236514215,【德国代购】德国Holle泓乐凯莉有机牛奶粉4段1岁1+（10盒包邮）,0,3
523348232614,德国原装直邮Holle泓乐婴儿有机奶粉4段600g  8盒包邮,0,1
24864952762,德国原装Holle泓乐/凯莉婴幼儿有机配方奶粉4段  8盒起包邮,0,0
44716847709,德国代购现货可直邮 HOLLE泓乐凯莉有机婴幼儿配方4段奶粉1岁以上,0,1
20963811293,德国直邮 Holle 泓乐 有机奶粉 4段  8盒包邮,0,0
550198596635,6盒包邮德国代购直邮Holle泓乐鸿乐有机牛奶粉1段2段3段4段,0,0
551354064173,德国直邮Holle 泓乐Bio 有机幼儿奶粉4段12个月起,0,0
546930504862,德国泓乐Holle4段四段有机奶粉鸿乐凯莉 Holle 4,0,0
39071118898,【德国直邮】原装holle泓乐有机奶粉4段，1岁以上，600克/盒,0,1
41732418703,德国直邮  泓乐Holle有机配方奶粉 4段 600克 无麸质 适合12个月+,0,0
44555475294,代购直邮德国产holle泓乐鸿乐凯莉婴幼儿宝宝有机牛奶奶粉4段 6盒,0,2
19308191716,德国原装 Holle 泓乐 凯莉 有机奶粉 4段 8盒包邮,0,0
37391464471,德国原装进口直邮 泓乐Holle凯莉 有机奶粉2/3/4段 600g 8盒包邮,0,0
37139146107,【德国直邮】德国版原装泓乐Holle凱莉有机奶粉4段 1岁+ 8盒包邮,0,0
45616337758,德国直邮 holle 泓乐/凯莉 有机牛奶粉 4段 一岁以上 600g,0,0
44522595629,德国直邮 Holle泓乐凯莉有机奶粉4段 600g 1岁以上,0,0
547567826026,德国直邮  Holle泓乐/凯莉有机奶粉4段,0,0
13642594165,【德国直邮】凯莉/泓乐Holle有机抗过敏奶粉 1岁以上/4段 600g,0,0
41890175947,德国直邮 凯莉泓乐牛奶粉 有机奶粉 4段 1岁以上 8盒包邮,0,0
17851736233,德国采购 直邮 瑞士德国 泓乐Holle  凯莉有机羊奶粉4段 邮费另拍,0,0
27035568970,直邮德国 泓乐Holle凱莉有机羊奶奶粉 4段  1岁+ 400g,0,1
551277630729,Holle Bio Kindermilch 4泓乐有机4段牛奶粉 1岁以上600g德国直邮,0,0
39280580372,空运现货 2盒包邮 德国泓乐Holle4段有机牛奶粉,0,5
534407625112,现货/直邮德国进口Holle 凯莉泓乐有机奶粉4段四段12个月以上600g,0,0
17721966040,【德国直邮】Holle泓乐(活乐)有机婴儿奶粉4段12月以上600g,0,0
20502416718,德国原装进口正品保证Holle泓乐有机奶粉4段12个月10盒包邮包税,0,3
544906981233,代购德国泓乐holle邮寄奶粉1段2段3段4段泓乐有机牛奶粉 德国直邮,0,0
532915396467,德国直邮原装正品holle泓乐有机婴幼儿奶粉四4段包邮包税 600g*4,0,0
532884029276,德国直邮原装正品holle泓乐有机婴幼儿奶粉四4段包邮包税 600g*8,0,0
542245383761,德国直邮Holle凯莉泓乐有机奶粉4段包邮包税,0,0
39467582290,德国代购Holle泓乐凯莉有机婴儿奶粉4段/1+1岁8盒包邮600g,0,3
42978337908,德国直邮 HOLLE凯莉弘乐4段1岁以上有机幼儿奶粉 600g 8盒包邮,0,0
521386572833,现货 包邮德国本土Holle凱莉泓乐有机婴幼儿奶粉12月+600g 4段,0,1
16572004476,德国直邮代购HOLLE泓乐/凯莉有机牛奶粉1/2/3/4段 600g 8盒起,0,2
40216650139,德国直邮泓乐Holle凯莉有机奶粉4段 4盒以上包邮,0,0
40212586082,德国直邮泓乐Holle凯莉有机奶粉4段 4盒以上包邮,-,0
544907589300,代购德国泓乐holle邮寄奶粉1段2段3段4段泓乐有机羊奶粉 德国直邮,-,0
36202313466,现货 德国直邮 泓乐Holle 4段 1+ 12个月 有机奶粉1岁 海淘,0,4
37380783698,直邮代购 原装奥地利泓乐凯莉Holle有机婴儿奶粉 4段1岁 8盒包邮,0,0
547740465774,『现货』德国代购原装进口Holle 4凯莉泓乐有机奶粉4段四段1+,0,0
44820811023,2016年空运现货 德国泓乐Holle4段有机奶粉 德国Holle 4 可直邮,0,1
533250660432,法国代购直邮德国版Holle弘乐4段有机奶粉600g/ 适合1岁以上宝宝,0,0
22248727337,德国直邮Holle泓乐有机4段奶粉，适合1岁以上的宝宝,0,0
549423831484,德国直邮 代购现货德国进口Holle4段凯莉泓乐婴幼儿有机奶粉4段,0,0
539459551573,德国超市正品HOLLE凯莉泓乐有机牛奶粉 4段 12个月以上 8盒包邮,0,0
535505753631,【德国直邮】包邮包税 Holle活乐/泓乐有机婴儿奶粉4段 1岁+,0,2
524935098907,直邮德国泓乐四段婴儿奶粉代购 holle有机4段12个月以上宝宝,0,2
20012171514,【现货】德国空运 holle 凯莉/弘乐 有机奶粉 4段 12个月以上600g,0,0
41963564617,德国直邮 四段4段 凯莉泓乐活力 Holle 有机牛奶粉 12个月 600g,0,0
35427598433,森林小屋 ·德国原装 泓乐Holle凯莉有机奶粉 4段 12盒包邮,0,0
35419753148,直邮德国Holle弘乐有机牛奶粉 2 3 4段 600g8盒包邮包税,0,0
549983361574,德国Holle凯莉泓乐婴幼儿有机奶粉 2段3段4段 600克,0,0
542788797733,现货 法国la tourangelle拉杜蓝乔婴幼儿核桃油500ml直邮12包税,3,2
45504096407,拉杜蓝乔La Tourangelle法国核桃油婴幼儿宝宝食用油DHA500ml,1,14
545302316060,美国La Tourangelle 拉杜蓝乔 DHA纯核桃油 宝宝辅食食用油500ml,3,2
17372202676,【海淘现货】美国La tourangelle拉杜蓝乔儿纯核桃油500ML含DHA,0,37
544607757997,美国直邮La Tourangelle拉杜蓝乔核桃油辅食油 DHA婴儿补脑 500ml,-,4
537470178860,美国进口La Tourangelle拉杜蓝乔 婴幼儿DHA纯核桃油500ml,4,31
549354929670,美国进口 LaTourangelle拉杜蓝乔婴幼儿核桃油500ml 宝宝营养DHA,1,1
541624626586,法国进口La Tourangelle拉杜蓝乔核桃油DHA 婴儿宝宝辅食油500ml,10,35
524301447226,法国正品现货La Tourangelle拉杜蓝乔婴儿DHA天然纯核桃油500ml,0,2
536022622568,美国进口La Tourangelle法国拉杜蓝乔婴儿幼儿童DHA纯核桃油500ml,57,8
38285223826,美国代购包邮 La Tourangelle拉杜蓝乔 婴幼儿DHA纯核桃油500ml,2,27
45739060376,法国La Tourangelle拉杜蓝乔纯核桃油500ml 婴儿幼儿宝宝美国DHA,6,116
38869560273,香港代购  美国La Tourangelle拉杜蓝乔婴儿纯核桃油500ML,1,4
546802191255,现货品牌授权法国La Tourangelle拉杜蓝乔核桃油婴儿食用油500ml,22,153
45144099163,拉杜蓝乔La Tourangelle法国核桃油婴幼儿宝宝食用油DHA500ml包邮,4,9
523951728115,国内现货 法国La Tourangelle拉杜蓝乔婴儿幼儿纯核桃油DHA500ml,5,48
520388713773,法国进口La*Tourangelle拉杜蓝乔婴儿纯核桃油DHA 500ml,27,83
524145138105,西班牙代购LaTourangelle法国原装拉杜蓝乔婴儿核桃油DHA油 500ML,3,20
538191735145,现货 拉杜蓝乔La Tourangelle经典核桃油婴幼儿食用油辅食油500ml,6,36
35120217497,现货★美国代购La Tourangelle拉杜蓝乔 婴幼儿纯核桃油DHA500ml,3,1
520103058746,法国代购原装La Tourangelle拉杜蓝乔核桃油婴儿500ml 现货包邮,21,152
545185335033,鲜柠法代 法国LaTourangelle拉杜蓝乔初榨核桃油/食用油 500ml,-,1
533121161749,美国进口核桃油LaTourangelle拉杜蓝乔DHA500ml现货18年11月,162,152
547372703154,包邮拉杜蓝乔婴儿初榨核桃油DHA LaTourangelle 500ML【法国版】,3,1
521892263066,法国拉杜蓝乔婴儿幼儿童纯核桃油500ml 有美国La进口Tourangelle,15,45
524933744911,现货美国La Tourangelle拉杜蓝乔婴儿核桃油DHA宝宝食用油500ml,-,12
539535769698,法国La Tourangelle拉杜蓝乔宝宝核桃油婴幼儿DHA儿童食用油500ml,6,67
534076036585,法国La拉杜蓝乔Tourangelle婴儿纯核桃油500ml 美国DHA宝宝食用油,9,44
38659380921,美国La Tourangelle拉杜蓝乔核桃油婴幼儿孕妇富含DHA 500ML,5,39
524035817036,法国La Tourangelle拉杜蓝乔婴儿核桃油DHA食用油500ml,264,574
523290690585,法国la tourangelle拉杜蓝乔婴幼儿核桃油包邮宝宝辅食油500ml,92,561
543781406166,美国直邮 拉杜蓝乔核桃油La Tourangelle Walnut Oil 核桃油500ml,28,154
535586327863,美国直邮La Tourangelle拉杜蓝乔核桃油辅食油 DHA婴儿补脑 500ml,43,1066
16755739779,法国la tourangelle拉杜蓝乔婴幼儿核桃油包邮宝宝辅食油500ml,171,1362
544531494137,法国直邮La Tourangelle拉杜蓝乔婴幼儿核桃油500ml,30,30
24599400735,法国进口La Tourangelle拉杜蓝乔婴儿核桃油DHA宝宝食用油500ml,36,366
528062835022,法国La Tourangelle拉杜蓝乔婴儿宝宝食用油DHA纯核桃油,0,6
44314562429,美国代购现货La Tourangelle拉杜蓝乔Walnut Oil 核桃油500ml,0,3
539109738707,【包邮】法国La Tourangelle拉杜蓝乔经典核桃油 婴儿食用油500ml,21,469
522631429422,法国La Tourangelle拉杜蓝乔婴儿纯核桃油500ml宝宝食用油现货,-,75
536136515673,La Tourangelle法国拉杜蓝乔经典婴幼儿核桃油婴幼儿DHA 500ml,2,13
542389910299,法国La Tourangelle拉杜蓝乔DHA纯核桃油婴儿幼儿宝宝食用油500ml,-,54
549427049797,美国直邮*拉杜蓝乔核桃油La Tourangelle Walnut 核桃油 500ml,-,8
44064957581,授权正品法国LaTourangelle拉杜蓝乔核桃油婴幼儿食用油500ml,12,38
550511827968,法国拉杜蓝乔LaTourangelle婴幼儿核桃油DHA初榨宝宝食用油500ml,2,0
521220676997,现货美国进口La Tourangelle拉杜蓝乔 婴幼儿DHA纯核桃油500ml,-,63
532624608931,法国进口Latourangelle拉杜蓝乔婴儿宝宝核桃油食用油dha500ml,7,60
549941971652,法国代购 La Tourangelle拉杜蓝乔婴儿核桃油DHA食用油500ml,1,1
538813718193,法国进口LaTourangelle法国拉杜蓝乔 婴儿幼儿童DHA纯核桃油500ml,6,4
545455668383,法国直邮本土拉杜蓝乔LaTourangelle婴儿核桃油DHA辅食油 500ml,1,2
539821040063,{M豆法国}法国LaTourangelle拉杜蓝乔普通核桃油 含DHA 500ML预订,4,15
524068770437,法国进口La Tourangelle拉杜蓝乔婴儿核桃油DHA宝宝食用油500ml,-,5
43273297862,美国直邮La Tourangelle法国拉杜蓝乔婴儿幼儿DHA纯核桃油500ml,0,63
548562499826,【欧洲代购】法国latourangelle拉杜蓝乔婴幼儿核桃油500ml包邮,3,2
544784024121,拉杜蓝乔LaTourangelle绿十字核桃油 500ML 法国原装进口 瑕疵,2,0
40918250467,法国La Tourangelle拉杜蓝乔宝宝婴幼儿核桃油 500ml,37,440
527425338542,法国 La Tourangelle拉杜蓝乔宝宝食用油婴幼儿核桃油DHA 500ml,-,20
521255231147,现货法国代购 La Tourangelle拉杜蓝乔纯核桃油DHA 500ml19年1月,2,11
528696394132,美国原装进口La Tourangelle拉杜蓝乔变形婴儿纯核桃油DHA 500ml,279,16
543598533455,法国原装 拉杜蓝乔La tourangelle 婴幼儿纯核桃油 宝宝DHA 500ml,-,2
540987020582,法国代购 La Tourangelle拉杜蓝乔纯核桃油 含OMEGA 500ml,-,8
39315828534,包邮美国拉杜蓝乔 La Tourangelle 核桃油 婴幼儿DHA辅食油 500ml,32,166
521261257255,现货英国可直邮 法国LaTourangelle拉杜蓝乔婴儿纯核桃油DHA500ml,0,8
527956606499,现货-法国La tourangelle拉杜蓝乔冷榨纯核桃油DHA补脑500ml,1,9
538855577608,法国进口LaTourangelle法国拉杜蓝乔 婴儿幼儿童DHA纯核桃油500ml,14,63
546380198839,法国代购LaTourangelle拉杜蓝乔婴幼儿核桃油辅食500ml 两瓶包邮,14,8
37805280745,现货 美国la tourangelle拉杜蓝乔核桃油500ml 6月+,11,43
45172382765,法国拉杜蓝乔La Tourangelle核桃油婴幼儿宝宝食用油DHA补脑500ml,0,2
43355453755,美国进口La tourangelle拉杜蓝乔纯核桃油 婴儿辅食油 500ML,1,3
549571958420,法国原装进口La Tourangelle拉杜蓝乔婴儿核桃油DHA食用油500ml,1,0
37710107423,拉杜蓝乔La Tourangelle法国核桃油婴幼儿宝宝食用油DHA 500ml,2,22
525501659971,法国进口LaTourangelle法国拉杜蓝乔 婴儿幼儿童DHA纯核桃油500ml,-,50
540837822857,国内现货 美国La Tourangelle 拉杜蓝乔 100%核桃油 含DHA 500ml,-,9
525952619847,法国代购La tourangelle拉杜蓝乔特级核桃油婴幼儿辅食油DHA500ml,5,4
544864901435,现货 美国La Tourangelle拉杜蓝乔婴幼儿DHA孕妇核桃油500ml,2,9
547253199667,饼干麻麻法国代购LaTourangelle拉杜蓝乔婴幼儿核桃油辅食500ml,19,84
24856352816,美国直邮 La Tourangelle 500ml拉杜蓝乔100%婴幼儿纯核桃油DHA,-,0
535591312872,法国La Tourangelle拉杜蓝乔婴儿核桃油补DHA食用油500ml,7,120
543252972235,拉杜蓝乔LaTourangelle核桃油DHA 婴幼儿食用油500ml法国原装进口,5,3
547675932979,法国原装La Tourangelle拉杜蓝乔纯核桃油 婴幼儿补充DHA 500ml,-,49
520487757910,法国La tourangelle拉杜蓝乔宝宝补脑纯核桃油DHA500ml包邮,-,4
542421599656,现货法国La Tourangelle法国拉杜蓝乔婴儿童DHA纯核桃油500ml,-,68
550640807277,国内现货店主亲购法国la tourangelle拉杜蓝乔婴幼儿核桃油500ml,1,1
45643182239,现货 法国代购 La Tourangelle拉杜蓝乔经典核桃油/DHA 500ml,1,1
534997305894,法国La Tourangelle拉杜蓝乔宝宝核桃油婴幼儿DHA儿童食用油500ML,0,0
41191210646,法国原装进口La Tourangelle拉杜蓝乔核桃油DHA 500ml,-,243
44930886827,现货美国进口 LaTourangelle拉杜蓝乔DHA婴幼儿辅食核桃油500ml,-,11
524344281029,美国代购LaTourangelle法国拉杜蓝乔婴儿幼儿童DHA纯核桃油500ml,-,20
521777130608,法国妹妹代购 法国LA TOURANGELLE拉杜蓝乔核桃油 500ml 经济大瓶,3,7
548119776515,特价法国La Tourangelle拉杜蓝乔纯核桃油 婴幼儿补充DHA 500ml,-,2
549367642804,法国 La Tourangelle 拉杜蓝乔婴幼儿 宝宝食用天然核桃油500ml,51,32
536070891801,La Tourangelle拉杜蓝乔100%婴幼儿纯核桃油DHA益智明目补脑500ML,0,28
542462289833,法国进口La Tourangelle拉杜蓝乔婴幼儿核桃油DHA婴儿童宝宝500ml,1,6
542444800405,法国La Tourangelle拉杜蓝乔婴儿核桃油DHA婴儿童宝宝食用油500ml,1,12
542286271517,美国直邮La Tourangelle拉杜蓝乔核桃油辅食油 DHA婴儿补脑 500ml,5,7
542294294853,法国进口LaTourangelle拉杜蓝乔绿十字核桃油dha婴儿童宝宝500ml,14,18
537001871447,法国包税直邮 拉杜蓝乔/LATOURANGELLE婴幼儿核桃油DHA 500ml推荐,11,25
40569285734,美国进口核桃油LaTourangelle拉杜蓝乔DHA500ml,2,14
546864338388,法国拉杜蓝乔La Tourangelle婴幼儿辅食核桃油DHA 500ml包税直邮,5,5
45555745635,法国代购La Tourangelle拉杜蓝乔核桃油婴儿辅食 DHA 500ml,2,6
45138448123,法国代购La tourangelle拉杜蓝乔核桃油DHA宝宝婴儿童食用油500ml,11,115
520800427536,美国直邮La Tourangelle拉杜蓝乔纯核桃油含DHA婴幼儿食用油500ml,3,6
541377967935,现货 法国la tourangelle拉杜蓝乔婴儿核桃油500ml食用油dha,55,43
43965715204,美国进口La Tourangelle拉杜蓝乔100%婴幼儿纯核桃油500ML补脑,2,21
549115987067,美国La Tourangelle拉杜蓝乔核桃油婴幼儿孕妇富含DHA 500ML,4,1
543912373967,美国直邮 La Tourangelle拉杜蓝乔核桃油500ml,8,24
539848445646,美国原装La Tourangelle拉杜蓝乔核桃油辅食油 DHA婴儿补脑 500ml,0,14
536012322942,现货 美国直邮La tourangelle拉杜蓝乔核桃油500ml 婴儿辅食dha,4,8
547293376650,包邮拉杜蓝乔婴儿初榨核桃油DHA LaTourangelle 500ML【美国版】,3,1
542281421311,2瓶装法国LaTourangelle拉杜蓝乔DHA婴儿核桃油500ml宝宝食用油,28,324
40079015580,美国La Tourangelle拉杜蓝乔婴幼儿童纯核桃油辅食用油 大瓶500ml,20,133
520380026560,法国拉杜蓝乔La Tourangelle核桃油婴幼儿宝宝食用油DHA补脑500Ml,0,3
537585679638,法国进口La Tourangelle拉杜蓝乔婴儿核桃油 DHA宝宝食用油500ml,4,29
38568928500,法国进口LaTourangelle拉杜蓝乔绿十字核桃油500ml宝宝食用带中文,27,84
550763417940,现货法国LaTourangelle拉杜蓝乔婴幼儿DHA纯核桃油食用油500ml,1,0
547851198177,现货包邮法国代购LaTourangelle拉杜蓝乔婴幼儿DHA纯核桃油500ml,5,8
523811409332,美国La进口Tourangelle法国拉杜蓝乔 婴儿幼儿童DHA纯核桃油500ml,23,105
544838451246,包邮！美国进口LaTourangelle拉杜蓝乔婴儿宝宝DHA核桃油500ml,3,1
544624428958,18.12 LaTourangelle拉杜蓝乔幼儿宝宝专用DHA核桃油食用油500ml,28,9
541934425305,法国La Tourangelle拉杜蓝乔婴幼儿童孕妇成人纯核桃油DHA 500ml,1,2
527471682683,【法国原装】经典核桃油拉杜蓝乔LaTourangelle/DHA宝宝婴儿500ml,6,151
539374664419,法国原装 La Tourangelle 拉杜蓝乔 纯正核桃油 经典版500ml 19.3,2,44
546699309459,法国La Tourangelle拉杜蓝乔经典核桃油 宝宝孕妇食用油 500ml,12,35
544180906100,丹麦代购LaTourangelle拉杜蓝乔法国核桃油宝宝辅食婴儿DHA500ml,-,15
44244996433,kas海淘 美国La Tourangelle拉杜蓝乔婴幼儿纯核桃油DHA益智500ml,-,116
544126373836,法国正品La Tourangelle拉杜蓝乔婴幼儿宝宝DHA食用核桃油 500ml,1,0
17685349660,法国拉杜蓝乔la tourangelle核桃油500ml宝宝婴儿童DHA食用油包邮,16,135
41780344267,法国原装La Tourangelle拉杜蓝乔经典核桃油   500ml,-,11
522693906465,法国进口La Tourangelle拉杜蓝乔宝宝婴幼儿童核桃油含DHA  500ml,-,12
536751746301,美国海淘La Tourangelle拉杜蓝乔核桃油婴幼儿宝宝DHA补脑500ml,-,2
526279252885,包邮美国 La Tourangelle 拉杜蓝乔婴儿纯核桃油DHA营养品 500ml,1,13
527253202210,美国代购 新包装  La Tourangelle拉杜蓝乔婴幼儿核桃油DHA 500ml,1,26
536642128813,拉杜蓝乔LaTourangelle经典核桃油 500ML 法国原装 瑕疵包邮,7,19
44743807046,美国代购 La Tourangelle拉杜蓝乔DHA婴幼儿核桃油 补充DHA 500ml,-,39
537150275076,法国LaTourangelle 拉杜蓝乔 DHA纯核桃油500ml 婴儿宝宝辅食用油,-,8
525689998168,美国进口LaTourangelle拉杜蓝乔婴幼儿DHA纯核桃油食用油500ml,5,24
40139601734,美国La Tourangelle拉杜蓝乔婴幼儿专用宝宝纯核桃油DHA 500ml,5,32
528315273325,【绿绿法国代】LaTourangelle拉杜蓝乔婴儿宝宝核桃油含DHA500ML,8,42
544260024789,美国直邮La Tourangelle拉杜蓝乔核桃油辅食油 DHA婴儿补脑 500ml,0,1
542718432809,La Tourangelle/拉杜蓝乔 经典婴幼儿核桃油/dha  500Ml 国内现货,-,8
546272043135,法国La tourangelle拉杜蓝乔 婴幼儿纯核桃油含DHA补脑补眼 500ML,0,2
546085197797,美国直邮La Tourangelle拉杜蓝乔婴幼儿天然核桃油DHA500ml装,0,0
550884142985,法国La Tourangelle拉杜蓝乔婴儿纯核桃油DHA补脑食用油500ml,-,0
524569649350,美国代购La tourangelle拉杜蓝乔纯核桃油婴幼儿辅食油 DHA 500ml,-,3
550807544388,任四件包邮美国La Tourangelle拉杜蓝乔核桃油婴幼儿宝宝DHA500ml,0,0
521958514943,法国代购正品La tourangelle拉杜蓝乔纯核桃油500ML含DHA婴儿辅食,0,0
547408392868,法国进口La Tourangelle拉杜蓝乔经典核桃油500ML,0,0
546601989143,法国 核桃油 La Tourangelle拉杜蓝乔 初榨 纯核桃油 DHA 500ml,0,0
541609797535,法国La Tourangelle拉杜蓝乔婴幼儿童孕妇成人纯核桃油DHA 500ml,0,0
547452777239,拉杜蓝乔（latourangelle）绿十字核桃油 法国原装进口500ml,-,0
45246475704,美国 LaTourangelle拉杜蓝乔核桃油DHA孕产妇婴幼儿核桃油500ml,0,8
531489064364,法国进口La Tourangelle拉杜蓝乔婴儿核桃油DHA宝宝食用油500ml,0,0
522023780576,美国直邮 La Tourangelle拉杜蓝乔 核桃油DHA 500ml 婴幼儿辅食,0,0
538643543521,La Tourangelle拉杜蓝乔经典婴幼儿核桃油婴幼儿/DHA 500ml,-,0
541647880613,法国原装 La Tourangelle拉杜蓝乔核桃油含DHA大瓶装500;ML,-,0
526532251788,法国进口La Tourangelle拉杜蓝乔婴儿核桃油DHA宝宝食用油500ml,0,0
528814686828,La Tourangelle拉杜蓝乔婴儿核桃油DHA宝宝食用油 500ML 法国进口,0,0
546985600629,香港代购 LaTourangelle拉杜蓝乔婴儿核桃油500ml DHA初榨食用油,0,0
532131757020,法国代购La Tourangelle拉杜蓝乔DHA补脑补眼核桃食物油500ml,-,2
44616290760,现货【法国代购】La Tourangelle拉杜蓝乔婴儿DHA纯核桃油500ml,0,2
37773832527,现货 美国LaTourangelle WalnutOil拉杜蓝乔DHA核桃油500ml,0,0
45050490082,现货美国La Tourangelle拉杜蓝乔100%婴幼儿纯核桃油500ML,1,0
547329452280,法国代购-LaTourangelle拉杜蓝乔普通核桃油OMEGA3含DHA500ML,1,2
530417641251,批发法国LaTourangelle拉杜蓝乔婴儿专用营养核桃油婴儿DHA500ml,72,15
523053680700,国内现货 法国La Tourangelle拉杜蓝乔婴儿幼儿纯核桃油DHA500ml,-,2
549130199418,预定 法国本土 la tourangelle拉杜蓝乔婴幼儿核桃油辅食油500ml,0,0
546216028474,现货LaTourangelle拉杜蓝乔法国经典核桃油/DHA500ml西班牙代购,-,1
532553978798,现货 美国代购LaTourangelle拉杜蓝乔核桃油 辅食油补充dha 500ml,0,4
542870710297,La Tourangelle拉杜蓝乔婴幼儿童孕妇成人纯核桃油DHA 500ml,0,0
549464955493,现货法国La Tourangelle拉杜蓝乔婴儿核桃油500ml食用油dha美国版,-,0
548938033971,美国代购La Tourangelle拉杜蓝乔核桃油辅食油 DHA婴儿补脑 500ml,-,0
546648889639,法国la tourangelle拉杜蓝乔婴儿核桃油儿童婴幼宝宝食用油500ml,0,1
546888401203,la tourangelle拉杜蓝乔法国婴儿核桃油500ml 现货直邮,-,1
526459256682,现货 法国La tourangelle 拉杜蓝乔核桃油抗500ml 婴幼儿宝宝DHA,1,3
541931007907,法国La tourangelle拉杜蓝乔纯核桃油500ml DHA补脑 婴儿孕妇适用,0,42
548396292518,美国直邮La Tourangelle拉杜蓝乔核桃油辅食油 DHA婴儿补脑 500ml,-,1
544313712675,法国微微 La Tourangelle拉杜蓝乔婴幼儿食用核桃油含DHA 500ml,0,0
551024831723,【美国直邮】La Tourangelle拉杜蓝乔婴幼儿DHA核桃油辅食油500ml,-,0
522153459608,预/订法国代购La Tourangelle拉杜蓝乔纯核桃油婴儿孕妇老人500ml,-,0
37671597854,美国原装进口La Tourangelle拉杜蓝乔核桃油婴幼儿宝宝辅食500ml,1,1
549549265760,La Tourangelle法国拉杜蓝乔核桃油DHA婴幼儿儿童辅食孕妇500ML,2,2
544780429939,美国直邮LaTourangelle拉杜蓝乔DHA婴儿核桃油500ml宝宝食用油,-,5
539164889080,La Tourangelle拉杜蓝乔经典核桃油 DHA 法国原装进口食用油500ml,0,1
546716455519,法国拼邮 LaTourangelle拉杜蓝乔婴儿核桃油DHA初榨食用油 500ml,0,0
544267719478,法国进口La Tourangelle拉杜蓝乔婴儿核桃油DHA宝宝食用油500ml,0,1
521356518288,香港代购 La Tourangelle拉杜蓝乔婴儿补充DHA纯核桃油 500ml,0,2
520638191572,海淘正品 La Tourangelle 拉杜蓝乔DHA核桃油婴儿补充辅食 500ml,-,1
545509182330,法国代购La tourangelle拉杜蓝乔核桃油DHA宝宝婴儿童食用油500ml,0,9
549918914322,【丢丢家】La Tourangelle拉杜蓝乔纯核桃油 婴幼儿补充DHA 500ml,-,0
42674417889,法国代购8瓶包直邮LaTourangelle拉杜蓝乔婴儿纯核桃油DHA 500ml,0,3
44248121429,包邮美国拉杜蓝乔La Tourangelle核桃油 婴幼儿DHA辅食油 500ml,0,6
534188864250,国内现货价 法国 la tourangelle拉杜蓝乔核桃油500ml代发,0,1
42365242486,法国进口La Tourangelle拉杜蓝乔婴儿核桃油DHA宝宝食用油500ml,0,34
544080954799,加拿大代购 La tourangelle拉杜蓝乔纯核桃油 DHA婴儿辅食油500ML,0,1
542351643352,法国La Tourangelle拉杜蓝乔婴幼儿核桃油DHA 婴儿儿童宝宝500ml,-,1
534490326404,法国进口La Tourangelle拉杜蓝乔宝宝婴幼儿核桃油宝宝DHA 500ml,-,1
547973812741,法国La Tourangelle拉杜蓝乔婴儿核桃油DHA食用油500ml,0,1
37441287088,Babybio伴宝乐Croissance 3段有机奶粉/法国直邮4罐包邮/包税另算,543,2061
544437099318,法国进口LaTourangelle拉杜蓝乔婴幼儿DHA纯核桃油食用油500ml,-,10
525500588151,包邮美国进口拉杜蓝乔La Tourangelle核桃油婴幼儿DHA辅食油500ml,0,0
521180611544,美国进口La Tourangelle拉杜蓝乔婴儿纯核桃油DHA 500ml 食用油,0,3
532028705489,法国直邮包邮包税Babybio伴宝乐Croissance3段绿色有机奶粉婴幼儿,209,404
546750535200,美国拉杜蓝乔核桃油La Tourangelle Walnut Oil核桃油500ml 现货,-,1
549929597466,美国La Tourangelle拉杜蓝乔核桃油孕妇婴幼儿油DHA 500ml  现货,-,0
531214957337,美国进口La Tourangelle拉杜蓝乔婴儿纯核桃油DHA 500ml 香港正品,1,3
548542090288,美国代购La Tourangelle拉杜蓝乔婴幼儿核桃油辅食DHA食用油500ml,0,0
537652080167,La Tourangelle拉杜蓝乔经典核桃油/DHA 法国原装进口食用油500ml,0,2
44024332041,法国进口La Tourangelle拉杜蓝乔婴儿幼儿DHA纯核桃油500ml超美国,0,0
525769187601,法国直邮 伴宝乐babybio optima天然有机奶近母乳3段900g 4罐包邮,14,26
544852339303,法国La Tourangelle拉杜蓝乔婴儿核桃油DHA宝宝食用500ml,0,8
42114639282,La Tourangelle拉杜蓝乔经典核桃油 原装进口 500ml,1,13
44921399799,国内无现货三件包邮La Tourangelle拉杜蓝乔婴幼儿纯核桃油500ML,0,1
544856146236,包邮美国拉杜蓝乔 La Tourangelle 核桃油 婴幼儿DHA辅食油 500ml,-,2
546773435505,直邮法国代购 Babybio伴宝乐CAPREA有机羊奶粉3段4罐包邮进口罐装,1,2
526107701267,直邮法国原装正品伴宝乐Babybiot有机羊奶粉3段900克（六罐包邮）,-,9
538962477571,Babybio伴宝乐 CAPREA有机羊奶粉3段法国直邮6罐包税包邮10月以上,-,10
44315613763,法国直邮伴宝乐绿色有机羊奶粉Babynat Alpea 3段,7,7
546510095537,现货 法国 药房 Babybio caprea 伴宝乐 有机羊奶粉3段,2,2
536448579496,法国代购 Babybio伴宝乐 绿色AB有机3段羊奶粉 900g 10月起,10,11
543605378084,法国代购包税直邮 伴宝乐/BABYBIO 3段婴儿有机羊奶10个月-3周岁,6,4
21740591299,法国本土 bio Babybio 伴宝乐 bio 3段羊奶粉 10个月+,0,32
548514622500,法国直邮代购伴宝乐Babybio/Babynat抗过敏3段三段有机羊奶粉包邮,0,0
537966768544,法国代购现货 babybio伴宝乐有机三段宝宝羊奶粉 3段 900g,-,14
19123482973,法国代购 有机 伴宝乐babybio babynat 3段低敏羊奶粉900g 10月+,-,7
530868657808,【法国直邮】伴宝乐Babybio babynat高端有机山羊奶粉 3段1周岁,3,1
528386139159,Babybio伴宝乐CAPREA有机羊奶粉3段/直邮4罐包邮 另可包税,12,29
543037924098,法国现货直邮伴宝乐Babybio有机婴儿羊奶粉3段三段12月以上 包税,-,5
35827077777,法国直邮6罐包邮 Babybio伴宝乐CAPREA有机羊奶粉3段10月以上,8,6
37624646979,Babybio伴宝乐CAPREA有机羊奶粉3段/法国直邮4罐包邮/包税另算,93,229
544616426711,现货法国高端有机 Babybio 伴宝乐 3段有机羊奶粉 10个月+,0,0
15443052197,三皇冠法国Babybio/Babynat婴儿BIO绿色有机羊奶粉3段900G 10月起,0,2
543158484443,法国babybio伴宝乐绿色有机羊奶粉3段成长型进口奶粉10个月-3岁,0,6
536305414845,西班牙直邮法国原装babybio CAPREA伴宝乐有机山羊奶粉1段 2段3段,0,0
543114719681,【4罐法国邮政直邮】正品代购Babybio伴宝乐 CAPREA有机羊奶粉3段,-,2
520010126846,法国直邮 新版Babybio伴宝乐高端有机羊奶粉 3段900G孕妇 抗敏,0,0
547146314659,Babybio伴宝乐CAPREA有机羊奶粉3段/法国直邮4罐包邮/包税另算,-,0
547987624915,法国代购新包装新配方 Babybio伴宝乐有机3段羊奶粉 900g 包税,-,0
534814588801,伴宝乐Babybio法国绿色有机羊奶粉900g 3段 10个月以上 法国直邮,0,0
543816544069,法国直邮-代购法国Babybio伴宝乐CAPREA有机羊奶粉3段10个月到3岁,0,6
37258408028,[法国原装] Bybibio伴宝乐  Caprea高端强化有机羊奶粉3段900g,-,0
37895004118,4罐包邮 伴宝乐CAPREA有机羊奶粉900g 3段 法国直邮原装正品代购,0,0
548696004429,4或6罐 法国直邮 Babybio伴宝乐3段婴幼儿 绿色有机羊奶粉900g,0,0
543036745510,现货 法国babybio伴宝乐绿色有机山羊奶粉2段和3段抗过敏进口奶粉,-,0
535944007446,西班牙直邮法国原装babybio CAPREA伴宝乐有机山羊奶粉2段3段新版,0,0
542271006335,法国直邮 法国Babybio伴宝乐3段 绿色有机羊奶粉900g 6罐包邮,0,0
542562785278,法国babybio伴宝乐绿色有机羊奶粉3段成长型进口奶粉10个月-3,0,0
521865088841,法国包税直邮伴宝乐babybio babynat3段抗过敏羊奶粉900g国内现货,17,22
544492350408,法国包税直邮伴宝乐babybio babynat3段抗过敏羊奶粉900g国内现货,4,1
544280969426,法国代购Babybio伴宝乐CAPREA有机羊奶粉3段 900g 4\6罐直邮10月+,0,0
524551120784,直邮包邮Babybio伴宝乐法国高端有机奶粉3段标准三段1-3岁宝宝,-,201
520220843779,法国直邮法国伴宝乐绿色有机婴儿羊奶粉3段12个月起,0,0
37752006210,法国直邮 Babybio伴宝乐绿色有机高端羊奶粉Babynat Alpea 3段,0,0
536210308132,Babybio伴宝乐OPTIMA RELAIS 3 有机羊奶粉3段/4罐法国直邮,0,0
549669370159,法国代购babybio伴宝乐绿色有机羊奶粉3段成长【1-3岁】6罐起拍,0,0
528059741579,法国直邮Babybio伴宝乐有机山羊奶粉3段 1岁+900g（3罐包直邮税）,-,1
547342563605,法国伴宝乐3段babybio婴儿有机羊奶粉10个月-3周岁包税直邮,0,1
545671983975,法国伴宝乐BabyBio 3段有机羊奶粉900克6罐法国直邮/高端有机,-,0
551123564503,订购 法国代购babybio 伴宝乐 有机羊奶 3段 900克 四/六个直邮,0,0
550011321668,【法国直邮】babybio伴宝乐有机羊奶粉 3段 900g,0,0
537502282599,伴宝乐有机羊奶粉3段Babybio CAPREA法国邮政直邮4或6罐包邮,0,1
537458774456,法国直邮代购 伴宝乐babybio babynat 3段低敏羊奶粉900g 10月起,0,0
546360445996,法国直邮正品伴宝乐Babybio 1段、2段、3段有机羊奶粉0到3岁儿童,-,0
538657222108,法国原装babybio伴宝乐有机羊奶粉2段、3段  6罐包邮 西班牙直邮,0,0
543776965625,法国伴宝乐babybio3段（12个月-36个月）有机羊奶粉4罐直邮,0,0
543815678271,代购法国伴宝乐babybio3段婴儿有机羊奶粉 900克正品包邮,0,2
549213168459,新包装 新配方 法国代购高端有机 Babybio 伴宝乐 3段有机羊奶粉,-,0
546996805952,法国babybio伴宝乐有机宝宝羊奶粉婴幼儿抗过敏湿疹乳糖不耐受3段,0,3
523780532607,法国直邮伴宝乐Babynait绿色有机高端羊奶粉3段900g 6罐包邮,0,0
546596032287,法国Babybio伴宝乐有机羊奶粉3段 900g 10月-3岁,0,0
525962534856,【法国包税直邮】伴宝乐Babybio高端绿色有机婴儿羊奶粉3段 10月+,0,4
43798015257,法国代购直邮 伴宝乐babynat有机3段羊奶粉 含双歧杆菌900G 12月+,0,1
545370032933,|现货||法国正品代购BABYBIO伴宝乐高端绿色婴幼儿山羊奶粉3段900克|,0,0
540987961006,|直邮||法国正品代购BABYBIO伴宝乐高端绿色婴幼儿山羊奶粉3段900克|,0,0
545491808107,法国BABYBIO伴宝乐3段山羊奶/900G克/有机绿色高端奶粉/直邮,0,0
537209316528,西班牙直邮现货新包装法国BABYBIO高端有机羊奶粉3段不含棕榈油,-,2
41357727478,代购直邮-Babybio伴宝乐有机3段羊奶粉Babynat Alpea1-2-3岁,0,0
546137141339,西班牙直邮代购法国伴宝乐Babybio有机羊奶粉3段900G（6罐起直邮,0,0
525730412931,直邮法国代购Gallia佳丽雅标准型900g婴儿一段奶粉罐装包邮可包税,0,0
15689598216,【现货】法国代购达能佳丽雅gallia宝婴儿近母乳配方1段奶粉,-,15
543441317879,现货进口法国达能佳丽雅gallia标准型1段2段3段4段婴儿奶粉900g,24,33
42909251059,【伊贝儿】法国代购佳丽雅Gallia1段0-6个月近母乳型婴儿奶粉900g,0,0
528268971032,法国达能佳丽雅Gallia1段婴儿进口奶粉近母乳型900g 现货,1,0
551095803864,法国直邮包邮可包税gallia佳丽雅1段近母乳型婴儿奶粉900g0-6个月,-,0
525730508490,直邮法国代购Gallia佳丽雅近母乳型婴儿奶粉一段900g罐包邮可包税,-,2
545863776367,法国代购*达能Gallia佳丽雅1段 婴儿标准奶粉0-6月800g 一箱六桶,-,2
45278797725,法国直邮Gallia一段1段婴儿奶粉达能佳丽雅近母乳型0-6个月900克,-,45
536691205398,法国直邮 达能佳丽雅Gallia一段1段近母乳幼婴儿奶粉900g包邮包税,0,38
536727144332,直邮一段 达能佳丽雅Gallia1段标准型配方幼婴儿奶粉900g包邮包税,0,4
35637804084,法国达能1段靠近母乳婴儿奶粉达能一段佳丽雅一段,0,15
10360816968,法国直邮代购达能佳丽雅gallia1段近母乳婴儿进口奶粉900g,104,367
533185788454,法国代购6桶直邮GALLIA佳丽雅新生婴儿1段近母乳配方牛奶粉达能,5,28
19219122230,现货法国直邮 达能佳丽雅gallia 婴儿奶粉/1段标准型/0-6月 900g,7,12
527955339946,法国直邮佳丽雅/gallia助婴儿消化1段奶粉0-6个月900g/3罐包直邮,0,1
550043034016,法国进口 达能佳丽雅gallia 近母乳奶粉 婴儿配方奶粉1段 900g,-,0
546659423078,法国佳丽雅Gallia1段calisma标准型1200克婴儿奶粉4罐包税直邮,0,0
546954268082,法国直邮正品达能Gallia佳丽雅1段0-6个月婴儿奶粉消化型900g,0,0
543729417520,法国达能Gallia佳丽雅1段进口婴儿标准奶粉0-6月,0,1
546903926163,法国代购达能佳丽雅gallia1段0-6月近母乳婴儿奶粉800g进口直邮,0,0
543819188598,法国代购Gallia佳丽雅标准型婴儿奶粉1段正品包邮900克,0,1
9267221076,法国代购 Gallia佳利雅1段一段0~6个月婴儿奶粉900G紧贴母乳款,0,0
528129344762,法国6罐直邮达能Gallia佳丽雅1段0-6个月婴儿奶粉 助/ 消化型900g,0,0
537330893372,Gallia佳丽雅1段Calisma标准配方型婴儿奶粉900g 6罐直邮包邮代购,0,0
546625478498,法国佳丽雅Gallia1段900克标准型calisma婴儿奶粉法国4罐包税直邮,0,0
525879203935,【法国代购】达能gallia1段900g佳利雅婴儿奶粉0-6个月接近母乳型,0,0
40360999008,现货法国代购佳丽雅Gallia近母乳1段婴儿牛奶粉新生儿奶粉温和900,0,1
546306911745,【法国代购】达能Gallia佳丽雅1段婴儿标准型奶粉900g 新生儿,0,0
547547698755,法国代购/南特微微 达能GALLIA佳丽雅1段标准0-6个月900g婴儿奶粉,0,0
546866937420,法国现货进口本土达能Gallia佳丽雅1段婴儿奶粉900g,0,0
547047620557,法国达能佳丽雅奶粉1段近母乳配方婴儿奶粉900克直邮／国内现货,1,1
19414424171,【现货】法国代购达能佳丽雅gallia宝宝婴儿标准配方1段奶粉,0,3
549391534292,法国代购Gallia佳丽雅1段标准型婴儿奶粉0-6月800g 4罐起法国直邮,0,0
522638820177,法国直邮 直播代购 Gallia佳丽雅奶粉1段 易消化型900g婴儿配方,0,0
40903666686,法国代购达能佳丽雅Gallia1标准型800g婴儿奶粉法国邮政包邮,-,0
23836964823,法国6罐直邮 Gallia 佳丽雅1段近母乳型婴儿配方奶粉 0-6月 900g,0,4
17090725601,法国直邮/法国达能佳丽雅gallia 婴儿奶粉/1段标准型/0-6月/900g,-,0
550873656076,法国代购包税直邮 佳丽雅Gallia 标准1段婴儿奶粉 0-6个月 400g,-,0
550957824450,法国代购包税直邮 佳丽雅Gallia 标准1段婴儿奶粉 6-12个月 400g,-,0
540929717611,法国代购直邮达能佳丽雅 Gallia 一段标准婴儿奶粉 900g,0,1
45535886903,法国直邮 Gallia 1段婴儿奶粉达能佳丽雅标准型 0-6个月,6,0
548592217735,保税代购现货婴儿法国佳丽雅奶粉gallia标准型1段2段3段4段900g,2,2
37661261828,法国代购直邮 佳利雅Gallia 1 一段0-6个月婴儿标准成长奶粉 800g,0,0
547127387186,法国达能佳丽雅奶粉1段近母乳配方婴儿奶粉900克直邮／国内现货,-,0
545485382023,法国  达能Gallia佳丽雅1段进口婴儿标准奶粉800g 直邮,-,0
17819862454,6罐包邮直邮法国达能Gallia佳丽雅1段婴儿标准型BB奶粉900克0-6月,0,0
38788199313,【巴黎直代】法国原装佳利雅Gallia 1段 近母乳型婴儿奶粉900克,-,0
545854572113,【法国代购】达能Gallia佳丽雅婴儿近母乳型奶粉1段900g新生儿,-,0
546260720076,法国代购达能佳丽雅gallia宝婴儿近母乳配方1段奶粉,-,0
547955688367,订购 达能Gallia佳丽雅1段帮助消化婴儿奶粉800g 适用0-6月宝宝,-,0
544804358277,法国直邮达能GALLIA佳丽雅 1段纤维配方婴儿奶粉 6罐法国包邮,0,0
549489546028,6盒 法国直邮达能Gallia佳丽雅标准型一段婴儿奶粉 0-6个月 700g,0,0
43810071304,直邮Gallia1佳丽雅1段近母乳型900g奶粉法国直邮代购/0-6个月婴儿,-,0
19535887035,【直邮】法国Gallia佳丽雅1段0-6个月近母乳型婴儿配方奶粉800g,-,1
44389157819,[法国药店直邮]达能gallia佳丽雅一段标准婴儿奶粉800g 6罐包邮,-,0
40470909718,【法国直邮】法国达能gallia1段1200g家庭装佳利雅婴儿奶粉标准型,-,2
538877677735,法国奶粉佳丽雅Gallia标准型 一段婴儿奶粉 900克6罐包邮,0,2
546758383417,【法国直邮】达能佳丽雅Gallia婴儿奶粉近母乳型1段800gX6罐--0-6,0,0
545896196220,法国Gallia佳利雅奶粉-标准型1段（0-6个月婴儿）,0,0
19383414547,gallia佳丽雅婴儿奶粉1段900g新生儿coucou法国代购进口牛奶粉1段,0,1
544116543288,【保税】法国Gallia达能佳丽雅婴儿奶粉近母乳型1段 900g,-,0
545970154250,法国代购包税直邮 佳丽雅/GALLIAGEST 易消化一段婴儿奶粉 900g,-,0
545991355559,法国代购包税直邮 佳丽雅/GALLIA 1段标准一段标准婴儿奶粉 900g,0,0
547595864258,法国代购包税直邮 佳丽雅/GALLIA 1段近母乳婴儿奶粉0-6个月 800g,0,0
545962049215,法国代购包税直邮 佳丽雅/GALLIA 1段近母乳一段婴儿奶粉 900g,0,0
545996467694,法国代购包税直邮 佳丽雅/GALLIA 1段标准一段标准婴儿奶粉 1200g,-,0
550465540237,包邮 法国达能Gallia 佳丽雅近母乳婴儿奶粉1段1-6个月,-,0
543756779806,法国达能Gallia佳丽雅 1段近母奶型婴儿奶粉0-6个月,-,0
40238569940,【现货/直邮】正品法国达能Gallia 佳丽雅婴儿奶粉1段 900g 0月+,0,0
539373689164,法国代购儿科推荐本土gallia佳丽雅婴儿牛奶粉900g1段标准配方型,0,0
541054154094,【法国直邮】法国达能Gallia佳丽雅1段婴儿标准奶粉800g 3罐起,0,0
525718353572,直邮法国代购Gallia佳丽雅 易消化型婴儿1段奶粉 900g罐装/可包税,0,1
523155629270,【预定 可直邮】法国代购Galiia达能佳丽雅1段婴儿标准奶粉800g,-,0
544647842919,法国达能Gallia佳丽雅1段一段婴儿奶粉0至6个月1200g 5盒包邮直邮,-,1
545971416356,【巴黎直邮】Gallia法国佳丽雅婴儿奶粉标准型1段,0,0
43745280181,gallia佳丽雅婴儿奶粉1段1200g新生儿coucou法国代购进口牛奶粉1,4,1
19000236428,法国直邮/法国达能佳丽雅gallia 1婴儿奶粉/近母乳1段/0-6月/900g,0,3
546445978367,法国代购包税直邮 佳丽雅/GALLIA 1段标准一段标准婴儿奶粉 800g,-,0
40213246451,佳丽雅婴儿奶粉 标准1段900g法国达能Gallia现货  直邮包邮可包税,0,0
9811250803,【法国直邮】法国达能gallia1段900g佳利雅婴儿奶粉标准型0-6个月,0,2
539701395023,直邮法国达能GALLIA 佳丽雅标准配方婴儿牛奶粉1段0-6个月1200g,0,0
42531293356,法国代购达能佳丽雅gallia宝宝婴儿标准配方奶粉 1段 1200g,-,1
536407561129,订购 达能Gallia佳丽雅1段近母乳婴儿奶粉800g 适用0-6月宝宝,0,4
542020903610,法国直邮 达能佳丽雅Gallia一段1段近母乳幼婴儿奶粉0-6个月/800g,0,4
547729432771,法国代购 达能 Gallia佳丽雅 婴儿配方奶粉1段 标准配方 0-6个月,-,0
541370349570,订购 达能Gallia佳丽雅1段标准婴儿奶粉800g 适用0-6月宝宝,0,0
540794340333,佳丽雅婴儿牛奶粉 标准型新生儿奶粉1段900g 正品法国代购 海外购,0,0
545705803914,4/6罐直邮 法国代购达能Gallia佳丽雅1段婴儿标准奶粉0-6月900g,-,0
42233064358,代购法国达能佳丽雅1段标准配方奶粉800G新生儿宝宝婴儿辅食包邮,0,0
540165138338,直邮法国达能GALLIA 佳丽雅标准配方婴儿牛奶粉1段 900g 6罐包邮,0,0
551427042560,Gallia/佳丽雅婴儿配方进口奶粉标准型 六罐 包邮 1段 800g,0,0
550819109708,法国 达能Gallia佳丽雅1段婴儿HA深度水解蛋白奶粉800G 6罐,0,0
19497030239,gallia佳丽雅婴儿奶粉1段900g海外购coucou法国代购进口牛奶粉,0,0
530807172644,直邮Gallia1佳丽雅1段标准型900g奶粉法国代购/0-6个月婴儿,0,0
550799815382,法国代购直邮正品达能gallia佳丽雅婴儿奶粉一段二段三段近母乳,6,0
546677073974,法国直邮代购达能佳丽雅gallia1段2段3段近母乳婴儿奶粉进口,0,0
536916978175,欧拉巴黎代购 法国直邮达能gallia 佳丽雅 1段近母乳婴儿奶粉800g,0,0
548539204552,【法国直邮】Gallia佳丽雅1段标准型900g奶粉/0-6个月婴儿,-,0
539789307504,法国原装进口Gallia达能佳丽雅婴儿配方奶粉标准1段900克,0,0
549821571910,法国海外进口Gallia/佳丽雅婴儿奶粉1段，母乳配方 800g/6罐包邮,-,0
521285273550,【巴黎直代】法国Gallia佳利雅1段 HA深度水解婴儿奶粉800g,-,0
527657739792,法国直邮Gallia一段1段婴儿奶粉达能佳丽雅标准型0-6个月900克,-,5
534945541176,法国直邮 达能佳丽雅gallia 婴儿奶粉/1段标准型/0-6月 900克,0,0
526953465242,法国直邮 Gallia 佳丽雅 Calisma 标准 1段 0-6月 900g 婴儿 奶粉,-,3
37357895771,【法国6罐直邮】佳丽雅Gallia水解牛奶蛋白1段配方婴儿奶粉,0,0
529374515516,法国正品 达能Gallia佳丽雅1段婴儿标准奶粉0-6个月 包邮不包税,0,0
534704152992,法国达能Gallia佳丽雅1段进口婴儿标准奶粉800g17.9,0,0
550057749528,6罐包税包邮 法国达能佳丽雅gallia 1段0-6月 近母乳婴儿奶粉900g,0,0
544983021015,保税代购法国佳丽雅gallia标准型1段2段3段4段进口婴儿奶粉900g,0,2
539081840563,|直邮||鲜柠法国代购v达能Gallia佳丽雅一段近母乳型婴儿奶粉 900克|,0,0
524582482712,法国直邮 Gallia 一段1段婴儿奶粉达能佳丽雅近母乳型 0-6个月,0,2
527754141611,法国直邮Gallia一段1段婴儿奶粉达能佳丽雅标准型0-6个月900克,-,2
539044389275,法国正品代购达能Gallia佳丽雅一段标准型婴儿奶粉1200克4盒直邮,0,0
546596148926,法国佳丽雅 Gallia 易消化型奶粉 1段 婴儿奶粉 900克,0,0
548435286760,? 【法国直邮】达能Gallia佳丽雅1段婴儿HA 水解蛋白奶粉800G,0,0
543760904068,直邮  法国代购  佳丽雅Gallia  1段近母乳进口婴儿900G奶粉,0,0
545186322722,法国代购 佳丽雅 达能 Gallia 2段婴儿宝宝成长奶粉 近母乳900g,143,144
15691969316,【现货】法国代购达能佳丽雅gallia宝婴儿近母乳配方2段奶粉,2,21
543441317879,现货进口法国达能佳丽雅gallia标准型1段2段3段4段婴儿奶粉900g,21,33
545887261003,【法国代购】达能Gallia佳丽雅婴儿近母乳型奶粉2段900g6个月以上,0,0
547025819581,法国代购 佳丽雅 达能 Gallia 2段婴儿宝宝成长奶粉 近母乳900g,29,21
533667181907,【 现货】法国直邮Gallia达能佳丽雅2段标准婴儿奶粉6-12月800克,4,1
26529612796,现货法国直邮 达能佳丽雅gallia 婴儿奶粉 2段标准6-12月 900g,8,21
19511677647,gallia佳丽雅婴儿奶粉2段900g海外购coucou法国代购进口牛奶粉2段,4,1
45204831376,法国直Gallia二段2段奶粉达能佳丽雅标准型6-12个月婴儿奶粉900g,1,7
42547652812,法国代购达能佳丽雅gallia宝宝婴儿标准配方奶粉 2段 1200g,0,1
35646640691,法国代购原装达能Gallia 2段近母乳配方 法国佳丽雅婴儿奶粉,5,12
539603690514,现货法国代购gallia佳丽雅婴儿奶粉2段接近母乳型900g6~12个月,0,0
547980432247,法国达能奶粉代购佳丽雅23段直邮婴儿Gallia二段900g进口6罐包邮,82,27
42341543585,法国直邮6罐起Gallia AR佳利雅防吐奶婴儿奶粉 2段6-12个月 800G,6,1
542449974052,法国代购6桶直邮GALLIA佳丽雅新生婴儿2段近母乳配方牛奶粉达能,14,31
543615434749,法国达能Gallia佳丽雅 2段（近..母..乳）婴儿奶粉 6-12个月,0,0
40201447373,佳丽雅婴儿奶粉标准2段900g新包装  法国达能   直邮包邮可包税,0,0
543729585044,法国达能Gallia佳丽雅2段婴儿标准奶粉6-12月,-,0
19445726094,法国代购Gallia佳利雅消化型2段宝宝婴儿进口奶粉800G6-12个月,0,0
26753472075,法国代购Gallia佳利雅2段宝宝婴儿防过敏深度水解奶粉原装进口,-,0
543756859620,法国达能Gallia佳丽雅 2段近母乳婴儿奶粉 6-12个月17.12,0,0
543819976231,代购法国Gallia佳丽雅标准型婴儿奶粉2段正品包邮 900克,0,0
546243590204,佳丽雅2段近母乳奶粉gallia900g二段6罐装coucou法国代购婴儿,0,0
9093008908,法国代购 Gallia佳利雅2段二段 婴儿奶粉6-12个月900克基本款,0,0
537189795889,Gallia佳丽雅2段Calisma近母乳型婴儿奶粉900g 法国6罐直邮包邮,0,0
16865079371,【现货】法国代购达能佳丽雅gallia宝宝婴儿标准配方2段奶粉,0,2
540462276546,佳丽雅婴儿牛奶粉 标准型新生儿奶粉2段900g 正品法国代购 海外购,0,0
526409930316,6桶直邮包邮包税 Gallia佳丽雅标准型二段婴儿奶粉900G 6-12个月,0,0
37730751231,【法国直邮】法国佳丽雅gallia 2段6-12个月近母乳型婴儿奶粉900g,0,0
521520138805,法国Gallia 2段 达能佳丽雅近母乳型 6-12个月婴儿奶粉 包邮,0,0
41191169258,法国代购达能佳丽雅婴儿奶粉Gallia 2段 标准型6-12月6罐包直邮,0,1
19460117307,法国代购Gallia佳利雅2段宝宝婴儿防吐奶粉6-12个月800G原装进口,0,0
521988208250,代购包邮 法国直邮 佳丽雅gallia二段标准型奶粉婴儿900g 6-12月,0,0
17144748772,法国直邮/法国达能佳丽雅gallia 2婴儿奶粉/2段标准/6-12月/900g,0,0
544527132650,法国直邮/达能佳丽雅gallia 2 婴儿奶粉/近母乳型2段/0-6月/900g,0,1
41999946407,法国4或6罐包邮 法国佳丽雅gallia 2段6-12个月近母乳型婴儿奶粉9,0,1
38979457918,【巴黎直代】法国佳利雅Gallia2段 近母乳型 婴儿奶粉 900克,0,0
548592217735,保税代购现货婴儿法国佳丽雅奶粉gallia标准型1段2段3段4段900g,2,2
544804370474,法国直邮达能GALLIA佳丽雅 2段标准配方婴儿奶粉6-12个月 6罐包邮,0,0
37586661941,达能佳丽雅Gallia二段2段900g标准型婴儿牛奶粉法国特价直邮/现货,0,2
545441152794,法国达能Gallia佳丽雅2段进口婴儿标准奶粉,0,0
529451349002,雅培菁智有机奶粉2段900g丹麦原装进口二段婴幼儿牛奶粉,4,3
539649127230,直邮法国达能GALLIA佳丽雅标准配方型婴儿牛奶粉2段6-12个月 800g,0,0
549405012721,4/6罐法国直邮达能Gallia佳丽雅2段助/ 消化型婴儿奶粉6-12月900g,0,0
520976337764,雅培亲护2段820g奶粉部分水解蛋白低敏6-18个月宝宝配方牛奶粉,0,0
548043035692,订购 达能Gallia佳丽雅2段帮助消化婴儿奶粉800g 适用6-12月宝宝,-,0
546329162028,法国代购达能佳丽雅gallia宝婴儿近母乳配方2段奶粉,-,0
546385391981,法国代购达能佳丽雅gallia宝宝婴儿标准配方2段奶粉,0,0
41688195679,KIMI法国购 Gallia佳丽雅2段 标准型婴儿配方奶粉 1200g(3X400g）,0,2
19899245562,【法国直邮】gallia2段1200G家庭装佳利雅婴儿奶粉标准型6-12个月,-,0
545992023897,法国代购包税直邮 佳丽雅/GALLIA 2段标准二段标准婴儿奶粉 900g,0,0
547653522577,法国代购包税直邮 佳丽雅/GALLIA 2段近母乳婴儿奶粉6-12月 800g,0,0
545927348741,法国代购包税直邮 佳丽雅/GALLIA 2段近母乳二段婴儿奶粉 900g,0,0
545976734518,法国代购包税直邮 佳丽雅/GALLIA 2段标准二段标准婴儿奶粉 1200g,0,0
544621341781,法国6罐包邮 佳丽雅gallia 2段6-12个月近母乳型婴儿奶粉900g新版,0,0
40229698666,【现货/直邮】正品法国达能Gallia 佳丽雅婴儿奶粉2段 900g 6月+,0,0
541056842020,【法国直邮】法国达能Gallia佳丽雅近母乳2段婴儿奶粉900g 3罐起,0,0
541057695496,【法国直邮】法国达能Gallia佳丽雅2段婴儿标准奶粉800g 3罐起,0,0
544775885633,法国达能Gallia佳丽雅2段进口婴儿标准奶粉6月以上1200g,0,0
42323778190,法国达能佳丽雅/Gallia2段近母乳型婴儿奶粉6-12个月900g,0,0
37867188711,gallia佳丽雅婴儿奶粉2段800g海外购coucou法国代购进口牛奶粉2段,0,0
45683520099,gallia佳丽雅婴儿奶粉2段800g防吐coucou法国代购AR进口牛奶粉2段,0,0
522650741250,法国代购Gallia佳丽雅2段婴儿标准宝宝奶粉800克,0,0
538835078261,法国奶粉佳丽雅Gallia标准型  二段婴儿奶粉900克 6罐包邮,0,0
546394440818,法国代购包税直邮 佳丽雅/GALLIA 2段标准二段标准婴儿奶粉 800g,0,0
546715850333,法国佳丽雅gallia2段标准型婴儿奶粉1200克四罐包税直邮,0,0
9834056779,【法国直邮】gallia2段900g佳利雅婴儿奶粉标准型6-12个月,0,0
23854636276,法国6罐直邮 达能Gallia佳丽雅2段助/ 消化型婴儿奶粉6-12月900g,0,0
525571310945,【6罐直邮】法国代购达能Gallia佳丽雅肋消化2段婴儿奶粉900g 新,-,0
43545376543,【法国直邮】法国佳丽雅gallia 2段6-12个月近母乳型婴儿奶粉900g,0,0
540864633634,佳丽雅婴儿牛奶粉 新生儿近母乳奶粉2段900g 正品法国代购 海外购,0,0
550121887172,法国进口 达能佳丽雅gallia近母乳奶粉 婴儿标准配方奶粉二段900g,0,0
38533143610,gallia佳丽雅婴儿奶粉2段800g海外购coucou法国代购进口牛奶粉,-,0
550330339436,订购 达能Gallia佳丽雅2段近母乳婴儿奶粉800g 适用6-12月宝宝,-,0
546980137095,订购 达能Gallia佳丽雅2段标准婴儿奶粉800g 适用6-12月宝宝,0,0
548635359101,【法国直邮】Gallia佳丽雅2段标准型900g奶粉/6-12个月婴儿,0,0
546445029321,法国达能Gallia佳丽雅2段助/ 消化型婴儿奶粉 有现货,0,0
19631407356,法国6罐包邮 佳丽雅gallia 2段6-12个月近母乳型婴儿奶粉900g新版,-,1
42708489965,法国达能gallia佳丽雅二段2标准经济型婴儿奶粉6-12月 1200g,2,9
545897930360,法国Gallia佳丽雅HA适度水解奶粉2段防牛奶蛋白过敏800g 婴儿奶粉,4,2
550799815382,法国代购直邮正品达能gallia佳丽雅婴儿奶粉一段二段三段近母乳,-,0
545068656779,法国6桶直邮达能GALLIA佳丽雅标准型婴儿奶粉2段6-12月添DHA,-,0
540393741135,法国直邮佳丽雅婴儿配方奶粉达能奶粉gallia奶粉宝宝标准型2段,0,2
536994604274,欧拉巴黎代购 法国直邮达能gallia 佳丽雅 2段近母乳婴儿奶粉800g,0,0
547747428668,法国代购 佳丽雅 达能 Gallia 2段婴儿宝宝成长奶粉 近母乳900g,-,0
539790643442,法国原装进口Gallia达能佳丽雅婴儿奶粉2段近母乳型奶粉6-12月,0,0
521310725090,【巴黎直代】法国Gallia佳利雅 2段 HA深度水解婴儿奶粉800g,0,0
547126979024,保税法国Gallia达能佳丽雅婴儿奶粉标准2段6-12个月800g 2罐包邮,-,0
524584389107,法国直邮Gallia二段2段奶粉达能佳丽雅标准型6-12个月婴儿奶粉,0,0
534980772677,法国直邮 达能佳丽雅 gallia 婴儿奶粉 2段标准6-12个月 900克,0,0
37359582787,法国代购佳利雅Gallia2段6-12月婴儿标准成长型奶粉 900G,0,0
544983021015,保税代购法国佳丽雅gallia标准型1段2段3段4段进口婴儿奶粉900g,0,2
541702628899,法国直邮包邮包税达能Gallia佳丽雅2段婴儿标准奶粉6-12月800g,0,0
543828503295,法国代购 佳丽雅Gallia达能婴儿宝宝成长2段奶粉 近母乳900g,0,0
539761420283,法国达能Gallia佳丽雅3段三段进口婴儿标准奶粉800g1-3岁4罐直邮,0,0
19032520519,现货 法国原装达能GALLIA佳丽雅3段进口婴儿标准型奶粉900克1-3岁,0,3
543441317879,现货进口法国达能佳丽雅gallia标准型1段2段3段4段婴儿奶粉900g,24,33
41058086427,法国代购 达能Gallia佳丽雅3段12月 婴儿奶粉/6罐包直邮,-,10
45641631548,法国药店版 直邮 gallia3 佳丽雅3段 婴儿 奶粉 800g,0,27
523030876787,法国进口包邮Gallia达能佳丽雅宝宝婴儿奶粉3段三段直邮1到3岁,49,86
524550087977,法国进口直邮 Gallia 三段3段婴儿奶粉达能佳丽雅标准型奶粉1-3岁,7,11
540181857718,直邮 法国鲜柠代购达能Gallia佳丽雅3段促消化婴儿奶粉加强益生菌,3,2
543820148760,代购法国Gallia佳丽雅标准型婴儿奶粉3段正品包邮 900克,3,13
26529604874,法国直邮现货 达能佳丽雅gallia3婴儿奶粉三段标准型/1-3岁 900G,13,49
545864756234,法国代购*达能Gallia佳丽雅3段 婴儿标准奶粉1-2岁 800g 一箱六桶,1,2
41702215223,法国代购达能佳丽雅gallia宝宝婴儿标准配方3段奶粉 1200g,0,0
40642182999,gallia佳丽雅婴儿奶粉3段900g海外购coucou法国代购进口牛奶粉3段,8,4
20980827784,法国6盒直邮包邮达能Gallia佳利雅婴儿奶粉标准型 3段1~3岁1200g,9,11
530930854681,【南法阳光】法国直邮包税佳丽雅/Gallia3段婴儿标准奶粉/1-3岁,0,4
521915296747,代购正品 法国直邮 佳丽雅gallia3段标准型婴儿奶粉900g 1-3岁,5,32
15711889449,【现货】法国代购达能佳丽雅gallia宝宝婴儿标准配方3段奶粉,12,40
25290212990,法国原装6罐直邮包邮Gallia佳利雅标准型婴儿奶粉3段 1~3岁 900g,33,57
45233558543,法国进口直邮Gallia三段3段婴儿奶粉达能佳丽雅标准型奶粉900克,9,20
541690607430,法国达能Gallia佳丽雅3段进口婴儿成长 奶粉800g1-3岁,10,9
17144956096,法国直邮/法国达能佳丽雅gallia 3婴儿奶粉/3段标准型/1岁+/900g,0,13
550799815382,法国代购直邮正品达能gallia佳丽雅婴儿奶粉一段二段三段近母乳,6,0
533186548749,法国代购6桶直邮GALLIA佳丽雅新生婴儿3段标准配方奶粉清淡不上火,24,47
547980432247,法国达能奶粉代购佳丽雅23段直邮婴儿Gallia二段900g进口6罐包邮,82,27
37635985102,包邮法国达能Gallia佳丽雅 3 Croissance 婴儿奶粉 3段 800,18,19
38284767928,法国代购达能佳丽雅Gallia3段800g/900g婴儿奶粉成长型包邮,6,6
525791171780,法国代购直邮/包 佳丽雅 gallia3段标准型婴儿奶粉 1200g纸盒装,4,2
527812963207,法国达能 佳丽雅 Gallia 3段婴儿原装900g 拼箱直邮现货包税,6,19
545807795754,【法国直邮】达能Gallia佳丽雅3段婴儿标准型奶粉900g1-3岁有现货,0,9
530187441015,法国代购  达能佳丽雅Gallia 3段 标准型初生婴儿奶粉 1.2KG,1,6
521391818808,法国达能 佳丽雅 GALLIA 三段婴儿成长奶粉 800g  6罐直邮,0,0
38890207475,现货 澳洲代购 bellamy 贝拉米3段三段婴幼儿有机牛奶粉有1段2段,497,1137
43397060112,【包邮】法国达能Gallia佳丽雅3段进口婴儿标准奶粉800g1-3岁,0,1
24327800322,法国代购Gallia佳利雅3段宝宝婴儿成长奶粉800克12月+,-,0
43381117999,【法国直邮】达能佳丽雅 Gallia 3段标准奶粉 1-3岁婴儿奶粉6罐装,0,2
525798176668,法国直邮gallia佳丽雅奶粉3段标准型进口婴儿1200g纸盒装正品包邮,0,6
525777599408,代购Gallia法国原装婴儿奶粉1-3岁达能佳丽雅婴幼儿牛奶粉标准3段,0,0
549369042708,斐婴宝金装婴幼儿奶粉900g罐1.2.3段新西兰原装进口五星品质包邮,0,0
545051358971,澳洲直邮Bellamys贝拉米3段有机婴儿奶粉宝宝儿童牛奶粉900g,-,10
520841510167,国内现货 法国达能佳丽雅Gallia3段标准型奶粉 1-3岁婴儿奶粉900g,-,2
42447486450,法国直邮Gallia/达能佳丽雅3段成长型奶粉 1-3岁婴儿奶粉 900g6罐,0,0
44645236631,法国代购 达能Gallia佳丽雅婴儿配方标准成长奶粉3段900/1200g,0,1
548592217735,保税代购现货婴儿法国佳丽雅奶粉gallia标准型1段2段3段4段900g,2,2
544796573007,法国达能GALLIA佳丽雅 3段纤维配方婴儿奶粉12个月-3岁 6罐包邮,-,0
544823267294,法国达能GALLIA佳丽雅 3段标准配方婴儿奶粉12个月-3岁 6罐包邮,-,0
37007591285,达能佳丽雅Gallia三段3段1200g婴儿牛奶粉400g小包1.2kg法国直邮,0,2
15674646561,现货 法国原装达能GALLIA佳丽雅3段婴儿标准型奶粉900克6-12个月,0,0
541040624552,【法国直邮】法国达能Gallia佳丽雅3段婴儿标准奶粉800g  3罐起,0,0
528647617902,法国邮政直邮 达能GALLIA佳丽雅3段进口婴儿标准型奶粉900克1-3岁,-,0
544776861113,法国达能Gallia佳丽雅3段进口婴儿标准奶粉12个月以上1200g,-,2
545504867407,法国达能Gallia佳丽雅3段进口婴儿标准奶粉,0,0
537338585857,佳丽雅Gallia 3段Calisma标准配方型900g婴儿奶粉6罐直邮包邮代购,0,0
537277875497,Gallia佳丽雅3段Galliagest消化型婴儿奶粉900g法国6罐直邮包邮,-,1
546677073974,法国直邮代购达能佳丽雅gallia1段2段3段近母乳婴儿奶粉进口,-,0
548016610051,订购 达能Gallia佳丽雅3段帮助消化婴儿奶粉800g 适用1岁以上宝宝,-,0
546349751191,FUFU法国购 直邮代购达能佳丽雅gallia宝宝婴儿标准配方3段奶粉,-,0
40214755034,【现货/直邮】正品法国达能Gallia 佳丽雅婴儿奶粉3段 900g 12月+,0,0
547678299414,法国代购包税直邮 佳丽雅/GALLIA 3段标准三段标准婴儿奶粉 900g,0,0
547631961597,法国代购包税直邮 佳丽雅/GALLIA 3段标准三段标准婴儿奶粉 800g,0,0
547653614967,法国代购包税直邮 佳丽雅/GALLIA 3段易消化婴儿奶粉12个月+ 900g,0,0
545997103382,法国代购包税直邮 佳丽雅/GALLIA 3段标准三段标准婴儿奶粉 1200g,0,0
547890160678,【法国直邮】达能佳丽雅gallia婴儿奶粉标准型3段900g一箱6罐包邮,0,0
540367580972,佳丽雅婴儿牛奶粉 标准型新生儿奶粉3段900g 正品法国代购 海外购,0,2
26692196488,gallia佳丽雅婴儿奶粉3段800g海外购coucou法国代购进口牛奶粉3段,0,0
19403645577,gallia佳丽雅婴儿奶粉3段1200g海外购coucou法国代购进口牛奶粉3,0,1
545172080084,法国代购 达能Gallia/佳丽雅3段标准婴儿配方奶粉900g 6罐包邮,-,0
538880573764,法国奶粉佳丽雅Gallia标准型  三段婴儿奶粉800克 6罐包邮,-,1
42529985182,法国代购达能佳丽雅gallia宝宝婴儿消化配方奶粉 3段 900g,0,0
539669178930,法国代购直邮 法国Gallia（佳丽雅）Calisma 标准婴儿配方奶粉3段,0,4
536880071114,法国达能Gallia佳丽雅3段进口婴儿标准奶粉1-3岁800g,0,0
45616452942,法国直邮 Gallia 3段婴儿奶粉达能佳丽雅标准型 1岁-2岁,0,0
541359652049,订购 达能Gallia佳丽雅3段标准婴儿奶粉800g 适用1岁以上宝宝,-,0
539776569947,17年7月现货法国达能Gallia佳丽雅3段进口婴儿标准奶粉800g1-3岁,-,0
536846575152,欧拉巴黎代购 法国直邮达能gallia 佳丽雅 3段成长型婴儿奶粉800g,0,0
529740366496,法国达能Gallia佳丽雅3段进口宝宝婴儿奶粉900g 1-3岁 4罐包邮,0,0
548635827434,【法国直邮】Gallia佳丽雅3段标准型900g奶粉/12-36个月婴儿,0,0
539793986269,法国原装Gallia达能佳丽雅婴儿奶粉 3段标准型奶粉 900G (1-3岁),0,0
547084033704,保税法国Gallia达能佳丽雅婴儿奶粉3段12个月以上800g 2罐包邮,-,0
16652724135,法国直邮/达能 现货佳丽雅 Gallia 3段标准婴儿配方奶粉,0,1
529426238199,法国达能Gallia佳丽雅3段进口婴儿标准奶粉900g1-3岁 包邮不包税,0,0
544983021015,保税代购法国佳丽雅gallia标准型1段2段3段4段进口婴儿奶粉900g,0,2
20731303725,【现货】法国代购达能佳丽雅gallia宝宝婴儿标准配方4段奶粉,7,19
38614377450,法国达能佳丽雅Gallia 4 Croissance 婴儿奶粉正品 4段 900g,-,18
26529616860,法国直邮 达能佳丽雅gallia 4段四段婴儿奶粉2岁起高钙900g 现货,0,11
543441317879,现货进口法国达能佳丽雅gallia标准型1段2段3段4段婴儿奶粉900g,21,33
17943522781,法国婴儿奶粉代购gallia达能佳利雅4段junior高钙配方奶粉包直邮,4,9
537572522855,法国正品代购达能佳丽雅Gallia4段宝宝婴儿标准进口成长奶粉900g,14,13
44420436229,法国直邮/达能 佳丽雅 Gallia 4段婴儿高钙成长奶粉/2-3-4岁/原装,0,4
43619721713,国内现货法国达能佳丽雅Gallia4段成长型高钙奶粉2岁以上婴儿900g,1,5
545933459461,法国代购*达能Gallia佳丽雅4段 婴儿标准奶粉2岁+ 900g 一箱六桶,-,0
42744030525,法国代购 达能佳丽雅Gallia4段婴儿高钙成长奶粉2岁/6罐包直邮,6,7
527699243920,法国进口直邮Gallia四段4段婴儿奶粉达能佳丽雅标准型奶粉900克,6,17
544553665706,法国直邮/法国达能佳丽雅gallia 婴儿奶粉4段 /2岁+/900g,6,3
527699402200,法国进口直邮Gallia四段4段婴儿奶粉达能佳丽雅标准型奶粉900,-,4
16201745674,法国直邮 达能 佳丽雅 Gallia 4段 宝宝婴儿标准高钙成长奶粉,139,708
543821288817,法国代购Gallia佳丽雅标准型婴儿奶粉4段正品包邮 900克,3,8
540871886207,佳丽雅婴儿牛奶粉 标准型新生儿奶粉4段900g 正品法国代购 海外购,0,0
545888298587,【法国代购】达能Gallia佳丽雅4段婴儿标准型奶粉900g2岁以上,2,4
545442392638,法国达能Gallia佳丽雅4段进口婴儿标准奶粉,0,0
546349955471,FUFU法国购 直邮代购达能佳丽雅gallia宝宝婴儿标准配方4段奶粉,0,0
42760664507,法国直邮达能佳丽雅Gallia4段成长型高钙奶粉2岁以上婴儿奶粉6罐,-,0
545957653558,法国代购包税直邮 佳丽雅/GALLIA 4段标准成长配方婴儿奶粉 900g,0,0
43081008591,法国邮政直邮 Gallia 4段 达能 佳丽雅 标准婴儿配方奶粉3岁以上,0,0
548592217735,保税代购现货婴儿法国佳丽雅奶粉gallia标准型1段2段3段4段900g,2,2
539662489032,直邮法国达能GALLIA佳丽雅高钙婴儿牛奶粉4段2岁以上900g 6罐包邮,0,0
20114374566,gallia佳丽雅婴儿奶粉4段900g儿童coucou法国代购进口牛奶粉4段,-,11
44815052956,法国代购 达能 佳丽雅 Gallia 4段婴儿高钙成长奶粉 2-3-4岁 原装,0,0
544629749067,订购 达能Gallia佳丽雅4段标准婴儿奶粉900g 适用2岁以上宝宝,0,0
539794933930,法国原装进口Gallia达能佳丽雅婴儿奶粉标准4段（2-4岁）900g,0,0
541058115341,【法国直邮】法国达能Gallia佳丽雅4段婴儿标准奶粉800g 3罐起,0,0
534685976022,法国直邮 达能佳丽雅gallia 4段四段婴儿奶粉2岁起高钙900g 现货,-,1
539789860081,包邮2016正品法国佳丽雅4段婴儿奶粉高钙宝宝促进生长,0,0
544983021015,保税代购法国佳丽雅gallia标准型1段2段3段4段进口婴儿奶粉900g,0,2
545482848483,德国直邮 Braun博朗IRT6520 红外线耳温枪 婴幼儿体温计 现货,1,1
520141336516,【香港代购】万宁正品博朗IRT6520耳温枪婴幼儿耳温计 4520升级版,-,3
542132898916,德国代购正品博朗Braun耳温枪IRT6520婴幼儿远红外电子耳温体温计,1,5
535728011960,正品德国博朗Braun婴幼儿童耳温枪温度计宝宝测温枪仪IRT6520秒测,-,56
545115796957,【现货】德国版原装博朗耳温枪耳温计IRT6520儿童婴幼儿体温计,3,7
45098316336,德国代购德版博朗Braun婴幼儿童耳温枪体温计耳温计IRT6520现货,6,55
550063762617,德国原装Braun博朗IRT6520婴幼儿童宝宝电子红外体温计耳温枪计现,-,0
536010997427,现货Braun德国博朗IRT6520婴幼儿红外耳温枪耳温计电子体温计家用,-,25
548912448886,德国进口原装正版 博朗Braun耳温枪IRT6520 三色背光婴幼儿体温计,49,17
545772177527,德国进口原装正版 博朗Braun耳温枪IRT6520 三色背光婴幼儿体温计,10,4
547920575835,德国进口原装正版 博朗Braun耳温枪IRT6520 三色背光婴幼儿体温计,5,2
45719374368,皇冠现货！德国 braun 博朗IRT6520耳温枪 婴幼儿耳温计,13,48
547199201769,德国直邮 博朗Braun IRT 6520耳温计婴幼儿体温计红外耳温枪 现货,-,1
523050846821,德国原装Braun博朗IRT 6520耳温枪婴幼儿童宝宝耳温计4520升级款,2,4
521075750660,香港代购 万宁一田德国博朗百灵耳温枪IRT6520婴幼儿体温测量包邮,-,6
520821010821,【直邮/凑拍】Braun ThermoScan博朗IRT6520婴幼儿耳温枪,0,0
44331962588,荷兰直邮 德国Braun博朗 婴幼儿/承认 耳温枪耳温计 IRT6520,-,0
542532695110,德国代购 Braun/ 博朗耳温枪IRT6520 婴幼儿专用耳温计 体温计,0,1
547325889616,德国进口原装正版 博朗Braun耳温枪IRT6520 三色背光婴幼儿体温计,-,0
521774043090,德国直邮 Braun irt 6520 博朗 婴幼儿安全耳温枪 最新版,0,0
528285482822,预定 德国进口BRAUN/博朗耳温枪IRT6520婴幼儿电子温度计体温计,-,2
546316550448,德国代购 Braun博朗 婴幼儿耳温枪IRT6520 宝宝红外线电子体温计,0,0
544731987220,德国进口原装正版 博朗Braun耳温枪IRT6520 三色背光婴幼儿体温计,0,0
536325101838,海淘德国原装Braun博朗IRT6520耳温枪婴幼儿童宝宝红外电子耳温计,-,0
545162980695,香港正品 博朗BRAUN百灵婴幼儿百灵耳温枪IRT6520温度计 有小票,0,2
537445095169,德国Braun 博朗 婴幼儿耳温枪 IRT6520 耳温计新款宝宝电子体温计,0,6
541107210673,德国博朗体温计BRAUN宝宝婴幼儿儿童耳温枪IRT6520红外线直邮包邮,0,0
544837239706,德国Braun(博朗)IRT6520婴幼儿家用耳温枪,0,0
549891512957,香港发货，Braun 博朗 婴幼儿耳温枪 IRT6520 （IRT6020升级版）,0,0
551074441045,（订）德国进口 博朗Braun耳温枪IRT6520 三色背光婴幼儿体温计,0,0
537459503143,Braun 博朗 婴幼儿耳温枪 IRT6520 耳温计（IRT6020升级版）,-,1
538927956299,德国原装进口Braun博朗耳温枪 红外线耳温计婴幼儿体温计IRT6520,0,0
539991957026,德国直邮 博朗Braun IRT 6520红外线婴幼儿耳温枪 最新版,-,0
547147524562,博朗德版原装正品braun耳温枪 IRT6520婴幼儿体温计红外线耳温计,0,1
551068868887,德国版博朗耳温枪IRT6520婴幼儿童电子体温计家用红外电子体温计,0,0
525504007082,现货！德国 braun 博朗IRT6520耳温枪 婴幼儿耳温计 最新版,1,4
531277655994,德国代购 Braun/博朗耳温枪 德版IRT6520 婴幼儿电子耳温计 现货,-,32
538325901894,德国本土代购Braun博朗耳温枪IRT6520婴幼儿红外线耳温枪/体温计,0,11
521750412916,【德国直邮】德国Braun博朗IRT 6520耳温枪 婴幼儿宝宝耳温计,0,2
44564121989,香港代购 万宁德国博朗百灵耳温枪IRT6520婴幼儿体温测量,0,0
520005915092,德国Braun博朗IRT6520耳温枪婴幼儿童宝宝体温计耳温计4520升级版,0,0
544228301913,德国直邮博朗耳温枪IRT6520耳温计红外线婴幼儿电子体温计 现货,0,6
531863880851,德国进口原装Braun博朗IRT6520 婴幼儿童红外耳温枪/耳温计升级,0,2
547318084818,正品德国博朗Braun婴幼儿童耳温枪温度计宝宝测温枪仪IRT6520秒测,-,0
531841863516,德国博朗耳温枪Thermoscan 7 IRT6520 婴幼儿红外线体温计 包邮税,0,0
546557178016,现货！德国 braun 博朗IRT6520耳温枪 婴幼儿耳温计 最新版,0,1
529808049788,德国进口 博朗耳温枪IRT6520婴幼儿宝宝家用红外线电子体温计,1,21
545936708813,德国进口原装正版 博朗Braun耳温枪IRT6520 三色背光婴幼儿体温计,1,1
547620400997,德国Braun博朗耳温枪IRT6520婴幼儿家用体温计红外线电子体温计,0,0
537651532620,德国博朗耳温枪IRT6520专业测温只需一秒  婴幼儿专用 德国进口,-,0
536066324466,德国版原装Braun博朗IRT6520婴幼儿童宝宝红外耳温枪耳温计体温计,0,0
548158449174,德国进口原装正版博朗Braun耳温枪IRT6520婴幼儿及成人体温计,0,1
543267201429,【现货】德国版原装博朗耳温枪耳温计IRT6520儿童婴幼儿体温计,0,4
537054704565,德国版 BRAUN 博朗 耳温枪 婴幼儿成人 3种模式 IRT6520  IRT6020,-,0
540384193988,【英国代购】Braun博朗耳温枪IRT6520婴幼儿宝宝一秒测温,0,1
549670387944,现货 德国 Braun IRT6520 婴幼儿童宝宝耳温枪计 4520升级版,1,0
551299005020,德国博朗耳温计6520婴幼儿童红外体温计Braun博朗耳温枪IRT6520,-,0
549381948925,现货德国版原装博朗IRT6520耳温枪婴幼儿童宝宝耳温计电子体温计,0,0
540879019820,法国代购 德国Braun博朗耳温枪irt6520 婴幼儿红外线电子体温计,0,0
543394355051,德国直邮 博朗耳温枪IRT6520专业测温只需一秒 婴幼儿专用,0,0
546932010163,直邮/现货德国原装博朗IRT6520婴幼儿红外电子耳温计耳温枪,0,1
550216138968,香港代购 万宁一田德国博朗百灵耳温枪IRT6520婴幼儿体温测量包邮,0,0
543388110171,直邮/现货德国原装博朗IRT6520婴幼儿红外电子耳温计耳温枪,0,0
551424777704,德国博朗耳温枪IRT6520婴幼儿童耳温计家用儿童红外线电子体温计,0,0
548483619652,德国进口原装正版 博朗Braun耳温枪IRT6520 三色背光婴幼儿体温计,0,0
527983272783,原装正品Braun博朗IRT6520耳温枪 婴幼儿耳温计家用电子计 德国版,1,10
549564863564,德国Braun博朗IRT6520宝宝婴幼儿成人三档耳温枪红外线电子温度计,-,0
545977606014,德国进口原装正版 博朗Braun耳温枪IRT6520 三色背光婴幼儿体温计,0,0
536622661705,德国Braun博朗IRT6520红外体温计耳温枪 婴幼儿童电子体温计,0,0
536508632685,德国代购 Braun博朗耳温枪 IRT6520 婴幼儿宝宝红外线电子体温计,0,0
530095399684,德国原装进口BRAUN IRT6520 博朗耳温枪婴幼儿儿童耳温枪,0,0
546571348992,德国进口原装正版 Braun耳温枪IRT6520 三色背光婴幼儿体温计,-,0
549814351376,香港代购 万宁一田德国博朗百灵耳温枪IRT6520婴幼儿体温测量包邮,-,0
546609277813,德国进口原装正版 Braun耳温枪IRT6520 三色背光婴幼儿体温计,0,0
537566560027,【现货】德国braun博朗IRT6520耳温枪婴幼儿耳温计家用宝宝体温计,0,0
45682199439,德国原装 Braun 耳温枪 IRT6520 婴幼儿童宝宝耳温计 现货,-,6
41340231970,直邮 德国博朗Braun 婴幼儿体温计 耳温枪 IRT6520 全新上市,0,0
527650820025,德国原装Braun博朗 IRT6520婴幼儿童宝宝耳温枪，体温计,-,1
547194331901,现货德国直邮包税BRAUN博朗IRT6520婴幼儿宝宝红外线耳温枪体温计,0,0
544626268817,德国进口原装正版 博朗Braun耳温枪IRT6520婴幼儿体温计362038,0,2
550094159106,德国原装正品博朗婴幼儿童宝宝电子红外体温计耳温枪IRT6520现货,-,0
549128002834,德国进口原装正版 博朗Braun耳温枪IRT6520 三色背光婴幼儿体温计,0,0
547273075453,（订）德国进口 博朗Braun耳温枪IRT6520 三色背光婴幼儿体温计,-,0
538725701775,现货！法国代购Braun博朗IRT6520耳温枪婴幼儿宝宝电子体温耳温计,0,0
546468149963,德国版Braun博朗耳温枪IRT6520耳温计婴幼儿宝宝红外线电子体温计,0,4
545936708813,德国进口原装正版 博朗Braun耳温枪IRT6520 三色背光婴幼儿体温计,1,1
547620400997,德国Braun博朗耳温枪IRT6520婴幼儿家用体温计红外线电子体温计,0,0
537651532620,德国博朗耳温枪IRT6520专业测温只需一秒  婴幼儿专用 德国进口,0,0
536066324466,德国版原装Braun博朗IRT6520婴幼儿童宝宝红外耳温枪耳温计体温计,-,0
548158449174,德国进口原装正版博朗Braun耳温枪IRT6520婴幼儿及成人体温计,0,1
543267201429,【现货】德国版原装博朗耳温枪耳温计IRT6520儿童婴幼儿体温计,-,4
537054704565,德国版 BRAUN 博朗 耳温枪 婴幼儿成人 3种模式 IRT6520  IRT6020,0,0
540384193988,【英国代购】Braun博朗耳温枪IRT6520婴幼儿宝宝一秒测温,-,1
549670387944,现货 德国 Braun IRT6520 婴幼儿童宝宝耳温枪计 4520升级版,-,0
551299005020,德国博朗耳温计6520婴幼儿童红外体温计Braun博朗耳温枪IRT6520,0,0
549381948925,现货德国版原装博朗IRT6520耳温枪婴幼儿童宝宝耳温计电子体温计,0,0
540879019820,法国代购 德国Braun博朗耳温枪irt6520 婴幼儿红外线电子体温计,-,0
543394355051,德国直邮 博朗耳温枪IRT6520专业测温只需一秒 婴幼儿专用,0,0
546932010163,直邮/现货德国原装博朗IRT6520婴幼儿红外电子耳温计耳温枪,0,1
550216138968,香港代购 万宁一田德国博朗百灵耳温枪IRT6520婴幼儿体温测量包邮,0,0
543388110171,直邮/现货德国原装博朗IRT6520婴幼儿红外电子耳温计耳温枪,0,0
551424777704,德国博朗耳温枪IRT6520婴幼儿童耳温计家用儿童红外线电子体温计,-,0
548483619652,德国进口原装正版 博朗Braun耳温枪IRT6520 三色背光婴幼儿体温计,0,0
527983272783,原装正品Braun博朗IRT6520耳温枪 婴幼儿耳温计家用电子计 德国版,1,10
549564863564,德国Braun博朗IRT6520宝宝婴幼儿成人三档耳温枪红外线电子温度计,0,0
545977606014,德国进口原装正版 博朗Braun耳温枪IRT6520 三色背光婴幼儿体温计,-,0
536622661705,德国Braun博朗IRT6520红外体温计耳温枪 婴幼儿童电子体温计,-,0
